Name,Year,Group,Status,"Birth Date",Gender,"Undergraduate Major","Graduate Major","Military Rank","Military Branch","Space Flights","Space Flight (hr)","Space Walks","Space Walks (hr)",Missions,"Death Date","Death Mission",Birth_city,Birth_state,Birth_country,Ugrad_school,Grad_school
"Joseph M. Acaba",2004,19,Active,"2067-05-17 00:00:00",Male,Geology,Geology,Non-Military,Non-military,2,3307,2,13,"STS-119 (Discovery), ISS-31,32 (Soyuz)",NULL,NULL,Inglewood,CA,USA,"University of California-Santa Barbara","University of Arizona"
"Loren W. Acton",NULL,NULL,Retired,"2036-03-07 00:00:00",Male,"Engineering Physics","Solar Physics",Non-Military,Non-military,1,190,0,0,"STS 51-F (Challenger)",NULL,NULL,Lewiston,MT,USA,"Montana State University","University of Colorado"
"James C. Adamson",1984,10,Retired,"2046-03-03 00:00:00",Male,Engineering,"Aerospace Engineering",Colonel,"US Army (Retired)",2,334,0,0,"STS-28 (Columbia), STS-43 (Atlantis)",NULL,NULL,Warsaw,NY,USA,"US Military Academy","Princeton University"
"Thomas D. Akers",1987,12,Retired,"2051-05-20 00:00:00",Male,"Applied Mathematics","Applied Mathematics",Colonel,"US Air Force (Retired)",4,814,4,29,"STS-41 (Discovery), STS-49 (Endeavor), STS-61 (Endeavor), STS-79 (Atlantis)",NULL,NULL,"St. Louis",MO,USA,"University of Missouri-Rolla",
"Buzz Aldrin",1963,3,Retired,"2030-01-20 00:00:00",Male,"Mechanical Engineering",Astronautics,Colonel,"US Air Force (Retired)",2,289,2,8,"Gemini 12, Apollo 11",NULL,NULL,Montclair,NJ,USA,"US Military Academy",MIT
"Andrew M. Allen",1987,12,Retired,"2055-08-04 00:00:00",Male,"Mechanical Engineering","Business Administration","Lieutenant Colonel","US Marine Corps (Retired)",3,906,0,0,"STS-46 (Atlantis), STS-62 (Columbia), STS-75 (Columbia)",NULL,NULL,Philadelphia,PA,USA,"Villanova University","University of Florida"
"Joseph P. Allen",1967,6,Retired,"2037-06-27 00:00:00",Male,"Mathematics & Physics",Physics,Non-Military,Non-military,2,313,2,12,"ST-5 (Columbia), STS 51-A (Discovery)",NULL,NULL,Crawsfordsville,IN,USA,"DePauw University","Yale University"
"Scott D. Altman",1995,15,Retired,"2059-08-15 00:00:00",Male,"Aeronautical & Astronautical Engineering","Aeronautical Engineering",Captain,"US Navy (Retired)",4,1236,0,0,"STS-90 (Columbia), STS-106 (Atlantis), STS-109 (Columbia), STS-125 (Atlantis)",NULL,NULL,Lincoln,IL,USA,"University of Illinois","US Naval Postgraduate School"
"William A. Anders",1963,3,Retired,"2033-10-17 00:00:00",Male,"Nuclear Engineering","Nuclear Engineering","Major General","US Air Force Reserves (Retired)",1,147,0,0,"Apollo 8",NULL,NULL,"Hong Kong",,USA,"US Naval Academy","Air Force Institute of Technology"
"Clayton C. Anderson",1998,17,Retired,"2059-02-23 00:00:00",Male,Physics,"Aerospace Engineering",Non-Military,Non-military,2,4005,6,38,"STS-117,120 (Atlantis,Discovery), STS-131 (Discovery)",NULL,NULL,Omaha,NE,USA,"Hastings College","Iowa State University"
"Michael P. Anderson",1995,15,Deceased,"2059-12-25 00:00:00",Male,"Physics & Astronomy",Physics,"Lieutenant Colonel","US Air Force",2,594,0,0,"STS-89 (Endeavor), STS-107 (Columbia)",2/1/03,"STS-107 (Columbia)",Plattsburgh,NY,USA,"University of Washington","Creighton University"
"Dominic A. Antonelli",2000,18,Active,"2067-08-23 00:00:00",Male,"Aeronautics & Astronautics","Aeronautics & Astronautics",Commander,"US Navy",2,579,0,0,"STS-119 (Discovery), STS-132 (Atlantis)",NULL,NULL,Detroit,MI,USA,MIT,"University of Washington"
"Jerome Apt III ",1985,11,Retired,"2049-04-18 00:00:00",Male,Physics,Physics,Non-Military,Non-military,4,847,2,11,"STS-37 (Atlantis), STS-47 (Endeavor), STS-59 (Endeavor), STS-79 (Atlantis)",NULL,NULL,Springfield,MA,USA,"Harvard University",MIT
"Lee J. Archambault",1998,17,Retired,"2060-08-25 00:00:00",Male,"Aeronautical & Astronautical Engineering","Aeronautical & Astronautical Engineering",Colonel,"US Air Force",2,639,0,0,"STS-117 (Atlantis), STS-119 (Discovery)",NULL,NULL,"Oak Park",IL,USA,"University of Illinois-Urbana",
"Neil A. Armstrong",1962,2,Deceased,"2030-08-05 00:00:00",Male,"Aeronautical Engineering","Aerospace Engineering",Non-Military,Non-military,2,205,1,2,"Gemini 8, Apollo 11",8/25/12,NULL,Wapakoneta,OH,USA,"Purdue University","University of Southern California"
"Richard R. Arnold II ",2004,19,Active,"2063-11-26 00:00:00",Male,Accounting,"Environmental Science",Non-Military,Non-military,1,307,2,12,"STS-119 (Discovery)",NULL,NULL,Cheverly,MD,USA,"Frostburg State University","University of Maryland"
"Jeffrey S. Ashby",1995,15,Retired,"2054-06-01 00:00:00",Male,"Mechanical Engineering","Aviation Systems",Captain,"US Navy (Retired)",3,655,0,0,"STS-93 (Columbia), STS-100 (Endeavor), STS-112 (Atlantis)",NULL,NULL,Dallas,TX,USA,"University of Idaho","University of Tennessee"
"Serena M. Aunon",2009,20,Active,"1976-04-09 00:00:00",Female,"Electrical Engineering",Medicine,Non-Military,Non-military,0,0,0,0,"No missions",NULL,NULL,Indianapolis,IN,USA,"George Washington University","University of Texas"
"James P. Bagian",1980,9,Retired,"2052-02-22 00:00:00",Male,"Mechanical Engineering",Medicine,Non-Military,Non-military,2,337,0,0,"STS-29 (Discovery), STS-40 (Columbia)",NULL,NULL,Philadelphia,PA,USA,"Drexel University","Thomas Jefferson University"
"Ellen S. Baker",1984,10,Retired,"2053-04-27 00:00:00",Female,Geology,"Medicine; Public Health",Non-Military,Non-military,3,686,0,0,"STS-34 (Atlantis), STS-50 (Columbia), STS-71 (Atlantis)",NULL,NULL,Fayettesville,NC,USA,"State University of New York-Buffalo","Cornell University; University of Texas"
"Michael A. Baker",1985,11,Management,"2053-10-27 00:00:00",Male,"Aerospace Engineering",NULL,Captain,"US Navy (Retired)",4,965,0,0,"STS-43 (Atlantis), STS-52 (Columbia), STS-68 (Endeavor), STS-81 (Atlantis)",NULL,NULL,Memphis,TN,USA,"University of Texas",
"Michael R. Barratt",2000,18,Active,"2059-04-16 00:00:00",Male,Zoology,"Medicine; Aerospace Medicine",Non-Military,Non-military,2,5075,1,5,"ISS-19,20 (Soyuz), STS-133 (Discovery)",NULL,NULL,Vancouver,WA,USA,"University of Washington","Northwestern University; Wright State University"
"Daniel T. Barry",1992,14,Retired,"2053-12-30 00:00:00",Male,"Electrical Engineering","Electrical Engineering; Computer Science; Medicine",Non-Military,Non-military,3,733,4,26,"STS-72 (Endeavor), STS-96 (Discovery), STS-105 (Discovery)",NULL,NULL,Norwalk,CT,USA,"Cornell University","Princeton University; University of Miami"
"John-David F. Bartoe",NULL,NULL,Retired,"2044-11-17 00:00:00",Male,Physics,Physics,Non-Military,Non-military,1,190,0,0,"STS 51-F (Challenger)",NULL,NULL,Abington,PA,USA,"Lehigh University","Georgetown University"
"Charles A. Bassett II ",1963,3,Deceased,"2031-12-30 00:00:00",Male,"Electrical Engineering",NULL,Captain,"US Air Force",0,0,0,0,"No missions",2/28/66,NULL,Dayton,OH,USA,"Texas Technological College",
"Alan L. Bean",1963,3,Retired,"2032-03-15 00:00:00",Male,"Aeronautical Engineering",NULL,Captain,"US Navy (Retired)",2,1671,3,10,"Apollo 12, Skylab 3",NULL,NULL,Wheeler,TX,USA,"University of Texas",
"Robert L. Behnken",2000,18,Active,"1970-07-28 00:00:00",Male,"Physics & Mechanical Engineering","Mechanical Engineering",Colonel,"US Air Force",2,708,6,37,"STS-123 (Endeavor), STS-130 (Endeavor)",NULL,NULL,"Creve Couer",MO,USA,"Washington University","California Institute of Technology"
"John E. Blaha",1980,9,Retired,"2042-08-26 00:00:00",Male,"Engineering Science","Astronautical Engineering",Colonel,"US Air Force (Retired)",5,3861,0,0,"STS-29 (Discovery), STS-33 (Discovery), STS-43 (Atlantis), STS-58 (Columbia), STS-79,81 (Atlantis,Atlantis)",NULL,NULL,"San Antonio",TX,USA,"US Air Force Academy","Purdue University"
"Michael J. Bloomfield",1995,15,Retired,"2059-03-16 00:00:00",Male,"Engineering Mechanics","Engineering Management",Colonel,"US Air Force (Retired)",3,779,0,0,"STS-86 (Atlantis), STS-97 (Endeavor), STS-110 (Atlantis)",NULL,NULL,Flint,MI,USA,"US Air Force Academy","Old Dominion University"
"Guion S. Bluford Jr. ",1978,8,Retired,"2042-11-22 00:00:00",Male,"Aerospace Engineering","Aerospace Engineering; Business Administration",Colonel,"US Air Force (Retired)",4,689,0,0,"STS-8 (Challenger), STS 61-A (Challenger), STS-39 (Discovery), STS-53 (Discovery)",NULL,NULL,Philadelphia,PA,USA,"Pennsylvania State University","Air Force Institute of Technology; University of Houston-Clear Lake"
"Karol J. Bobko",1969,7,Retired,"2037-12-23 00:00:00",Male,NULL,"Aerospace Engineering",Colonel,"US Air Force (Retired)",3,386,0,0,"STS-6 (Challenger), STS 51-D (Discovery), STS-51-J (Atlantis)",NULL,NULL,"New York",NY,USA,"US Air Force Academy","University of Southern California"
"Eric A. Boe",2000,18,Active,"2064-10-01 00:00:00",Male,"Aeronautical Engineering","Electrical Engineering",Colonel,"US Air Force",2,687,0,0,"STS-126 (Endeavor), STS-133 (Discovery)",NULL,NULL,Miami,FL,USA,"US Air Force Academy","Georgia Institute of Technology"
"Charles F. Bolden Jr. ",1980,9,Management,"2046-08-19 00:00:00",Male,"Electrical Science","Systems Management","Major General","US Marine Corps (Retired)",4,680,0,0,"STS-61C (Columbia), STS-31 (Discovery), STS-45 (Atlantis), STS-60 (Discovery)",NULL,NULL,Columbia,SC,USA,"US Naval Academy","University of Southern California"
"Frank Borman",1962,2,Retired,"2028-03-14 00:00:00",Male,NULL,"Aeronautical Engineering",Colonel,"US Air Force (Retired)",2,477,0,0,"Gemini 7, Apollo 8",NULL,NULL,Gary,IN,USA,"US Military Academy","California Institute of Technology"
"Stephen G. Bowen",2000,18,Active,"2064-02-13 00:00:00",Male,"Electrical Engineering","Ocean Engineering",Captain,"US Navy",3,970,7,47,"STS-126 (Endeavor), STS-132 (Atlantis), STS-133 (Discovery)",NULL,NULL,Cohasset,MA,USA,"US Naval Academy",MIT
"Kenneth D. Bowersox",1987,12,Retired,"2056-11-14 00:00:00",Male,"Aerospace Engineering","Mechanical Engineering",Captain,"US Navy (Retired)",5,5078,2,13,"STS-50 (Columbia), STS-61 (Endeavor), STS-73 (Columbia), STS-82 (Discovery), STS-113 (Endeavor,Soyuz)",NULL,NULL,Portsmouth,VA,USA,"US Naval Academy","Columbia University"
"Charles E. Brady Jr. ",1992,14,Deceased,"2051-08-12 00:00:00",Male,NULL,Medicine,Captain,"US Navy",1,405,0,0,"STS-78 (Columbia)",7/23/06,NULL,Pinehurst,NC,USA,"University of North Carolina at Chapel Hill","Duke University"
"Vance D. Brand",1966,5,Retired,"2031-05-09 00:00:00",Male,"Business Management; Aeronautical Engineering","Business Administration",Non-Military,"US Marine Corps Reserves",4,752,0,0,"Apollo-Soyuz Test Project, STS-5 (Columbia), STS 41-B (Challenger), STS-35 (Columbia)",NULL,NULL,Longmont,CA,USA,"University of Colorado","University of California Los Angeles"
"Daniel C. Brandenstein",1978,8,Retired,"2043-01-17 00:00:00",Male,"Mathematics & Physics",NULL,Captain,"US Navy (Retired)",4,789,0,0,"STS-8 (Challenger), STS 51-G (Discovery), STS-32 (Columbia), STS-49 (Endeavor)",NULL,NULL,Watertown,WI,USA,"University of Wisconsin",
"Randolph J. Bresnik",2004,19,Active,"2067-09-11 00:00:00",Male,Mathematics,"Aviation Systems",Colonel,"US Marine Corps",1,259,2,12,"STS-129 (Atlantis)",NULL,NULL,"Fort Knox",KY,USA,"The Citadel","University of Tennessee-Knoxville"
"Roy D. Bridges Jr. ",1980,9,Retired,"2043-07-19 00:00:00",Male,"Engineering Science",Astronautics,"Major General","US Air Force (Retired)",1,190,0,0,"STS 51-F (Challenger)",NULL,NULL,Atlanta,GA,USA,"US Air Force Academy","Purdue University"
"Curtis L. Brown Jr. ",1987,12,Retired,"2056-03-11 00:00:00",Male,"Electrical Engineering",NULL,Colonel,"US Air Force (Retired)",6,1383,0,0,"STS-47 (Endeavor), STS-66 (Atlantis), STS-77 (Endeavor), STS-85 (Discovery), STS-95 (Discovery), STS-103 (Discovery)",NULL,NULL,Elizabethtown,NC,USA,"US Air Force Academy",
"David M. Brown",1996,16,Deceased,"2056-04-16 00:00:00",Male,Biology,Medicine,Captain,"US Navy",1,382,0,0,"STS-107 (Columbia)",2/1/03,"STS-107 (Columbia)",Arlington,VA,USA,"College of William & Mary","Eastern Virginia Medical School"
"Mark N. Brown",1984,10,Retired,"2051-11-18 00:00:00",Male,"Aeronautical & Astronautical Engineering","Astronautical Engineering",Colonel,"US Air Force (Retired)",2,249,0,0,"STS 28 (Columbia), STS-48 (Discovery)",NULL,NULL,Valparaiso,IN,USA,"Purdue University","Air Force Institute of Technology"
"James F. Buchli",1978,8,Retired,"2045-06-20 00:00:00",Male,"Aeronautical Engineering","Aeronautical Engineering Systems",Colonel,"US Marine Corps (Retired)",4,490,0,0,"STS 51-C (Discovery), STS 61-A (Challenger), STS-29 (Discovery), STS-48 (Discovery",NULL,NULL,"New Rockford",ND,USA,"US Naval Academy","University of West Florida"
"Jay Clark Buckey",NULL,NULL,Retired,"2056-06-06 00:00:00",Male,"Electrical Engineering",Medicine,Non-Military,Non-military,1,381,0,0,"STS-90 (Columbia)",NULL,NULL,"New York",NY,USA,"Cornell University",
"John S. Bull",1966,5,Deceased,"2034-09-25 00:00:00",Male,"Mechanical Engineering","Aeronautical Engineering",Non-Military,Non-military,0,0,0,0,"No missions",8/11/08,NULL,Memphis,TN,USA,"Rice University","Stanford University"
"Daniel C. Burbank",1996,16,Active,"2061-07-27 00:00:00",Male,"Electrical Engineering","Aeronautical Science",Captain,"US Coast Guard (Retired)",3,4512,1,7,"STS-106 (Atlantis), STS-115 (Atlantis), ISS-29,30 (Soyuz)",NULL,NULL,Machester,CT,USA,"US Coast Guard Academy","Embry-Riddle Aeronautical University"
"Daniel W. Bursch",1990,13,Retired,"2057-07-25 00:00:00",Male,Physics,"Engineering Science",Captain,"US Navy (Retired)",4,5446,2,12,"STS-51 (Discovery), STS-68 (Endeavor), STS-77 (Endeavor), STS-108,111 (Endeavor)",NULL,NULL,Bristol,PA,USA,"US Naval Academy","US Naval Postgraduate School"
"Robert D. Cabana",1985,11,Management,"2049-01-23 00:00:00",Male,Mathematics,NULL,Colonel,"US Marine Corps (Retired)",4,910,0,0,"STS-41 (Discovery), STS-53 (Discovery), STS-65 (Columbia), STS-88 (Endeavor)",NULL,NULL,Minneapolis,MN,USA,"US Naval Academy",
"Yvonne D. Cagle",1996,16,Management,"2059-04-24 00:00:00",Female,Biochemistry,NULL,Colonel,"US Air Force",0,0,0,0,"No missions",NULL,NULL,"West Point",NY,USA,"San Francisco State University",
"Fernando Caldeiro",1996,16,Deceased,"2058-06-12 00:00:00",Male,"Mechanical Engineering","Engineering Management",Non-Military,Non-military,0,0,0,0,"No missions",10/3/09,NULL,"Buenos Aires",,Argentina,"University of Arizona","University of Central Florida"
"Tracy E. Caldwell (Dyson)",1998,17,Active,"1969-08-14 00:00:00",Female,Chemistry,"Physical Chemistry",Non-Military,Non-military,2,4531,3,23,"STS-118 (Endeavor), ISS-23,24 (Soyuz)",NULL,NULL,Arcadia,CA,USA,"California State University-Fullerton","University of California-Davis"
"Charles J. Camarda",1996,16,Management,"2052-05-08 00:00:00",Male,"Aerospace Engineering","Engineering Science; Aerospace Engineering",Non-Military,Non-military,1,333,0,0,"STS-114 (Discovery)",NULL,NULL,Queens,NY,USA,"Polytechnic Institute of Brooklyn","George Washington University; Virginia Polytechnic Institute"
"Kenneth D. Cameron",1984,10,Retired,"2049-11-29 00:00:00",Male,"Aeronautics & Astronautics","Aeronautics & Astronautics; Business Administration",Colonel,"US Marine Corps (Retired)",3,562,0,0,"STS-37 (Atlantis), STS-56 (Discovery), STS-74 (Atlantis)",NULL,NULL,Cleveland,OH,USA,MIT,"Michigan State University"
"Duane G. Carey",1996,16,Retired,"2057-04-30 00:00:00",Male,"Aerospace Engineering & Mechanics","Aerospace Engineering","Lieutenant Colonel","US Air Force (Retired)",1,262,0,0,"STS-109 (Columbia)",NULL,NULL,"St. Paul",MN,USA,"University of Minnesota-Minneapolis",
"M. Scott Carpenter",1959,1,Retired,"2025-05-01 00:00:00",Male,"Aeronautical Engineering",NULL,Commander,"US Navy (Retired)",1,4,0,0,"Mercury 7",NULL,NULL,Boulder,CO,USA,"University of Colorado",
"Gerald P. Carr",1966,5,Retired,"2032-08-22 00:00:00",Male,"Mechanical Engineering","Aeronautical Engineering",Colonel,"US Marine Corps (Retired)",1,2017,3,16,"Skylab 4",NULL,NULL,Denver,CO,USA,"University of Southern California","US Naval Postgraduate School; Princeton University"
"Manley Lanier Carter Jr. ",1984,10,Deceased,"2047-08-15 00:00:00",Male,Chemistry,Medicine,Captain,"US Navy",1,120,0,0,"STS-33 (Discovery)",4/5/91,NULL,Macon,GA,USA,"Emory University",
"John H. Casper",1984,10,Management,"2043-07-09 00:00:00",Male,"Engineering Science",Astronautics,Colonel,"US Air Force (Retired)",4,825,0,0,"STS-36 (Atlantis), STS-54 (Endeavor), STS-62 (Columbia), STS-77 (Endeavor)",NULL,NULL,Greenville,SC,USA,"US Air Force Academy","Purdue University"
"Christopher J. Cassidy",2004,19,Active,"1970-01-04 00:00:00",Male,Mathematics,"Ocean Engineering",Commander,"US Navy",1,4376,6,31,"STS-127 (Endeavor), ISS-35,36 (Soyuz)",NULL,NULL,Salem,MA,USA,"US Naval Academy",MIT
"Robert Cenker",NULL,NULL,Retired,"2048-11-05 00:00:00",Male,"Aerospace Engineering","Aerospace Engineering; Electrical Engineering",Non-Military,Non-military,1,146,0,0,"STS 61-C (Columbia)",NULL,NULL,Uniontown,PA,USA,"Pennsylvania State University","Rutgers University"
"Eugene A. Cernan",1963,3,Retired,"2034-03-14 00:00:00",Male,"Electrical Engineering","Aeronautical Engineering",Captain,"US Navy (Retired)",3,566,4,24,"Gemini 9, Apollo 10, Apollo 17",NULL,NULL,Chicago,IL,USA,"Purdue University","US Naval Postgraduate School"
"Roger B. Chaffee",1963,3,Deceased,"2035-02-15 00:00:00",Male,"Aeronautical Engineering",NULL,"Lieutenant Commander","US Navy",1,0,0,0,"Apollo 1",1/27/67,"Apollo 1","Grand Rapids",MI,USA,"Purdue University",
"Gregory E. Chamitoff",1998,17,Active,"2062-08-06 00:00:00",Male,"Electrical Engineering","Aeronautical Engineering; Aeronautics & Astronautics",Non-Military,Non-military,2,4770,2,13,"STS-124,126 (Discovery,Endeavor), STS-134 (Endeavor)",NULL,NULL,Montreal,,Canada,"California Polytechnic State University","California Institute of Technology; MIT"
"Franklin R. Chang-Diaz",1980,9,Retired,"2050-04-05 00:00:00",Male,"Mechanical Engineering","Applied Plasma Physics",Non-Military,Non-military,7,1602,3,19,"STS 61-C (Columbia), STS-34 (Atlantis), STS-46 (Atlantis), STS-60 (Discovery), STS-75 (Columbia), STS-91 (Discovery), STS-111 (Endeavor)",NULL,NULL,"San Jose",,"Costa Rica","University of Connecticut",MIT
"Philip K. Chapman",1967,6,Retired,"2035-03-05 00:00:00",Male,"Physics & Mathematics","Aeronautics & Astronautics; Instrumentation",Non-Military,Non-military,0,0,0,0,"No missions",NULL,NULL,Melbourne,,Australia,"University of Sydney",MIT
"Kalpana Chawla",1995,15,Deceased,"2061-06-01 00:00:00",Female,"Aeronautical Engineering","Aerospace Engineering",Non-Military,Non-military,2,734,0,0,"STS-87 (Columbia), STS-107 (Columbia)",2/1/03,"STS-107 (Columbia)",Karnal,,India,"Punjab Engineering College","University of Texas-Arlington; University of Colorado"
"Leroy Chiao",1990,13,Retired,"2060-08-28 00:00:00",Male,"Chemical Engineering","Chemical Engineering",Non-Military,Non-military,4,5503,6,36,"STS-65 (Columbia), STS-72 (Endeavor), STS-92 (Discovery), ISS-10 (Soyuz)",NULL,NULL,Milwaukee,WI,USA,"University of California-Berkeley","University of California-Santa Barbara"
"Kevin P. Chilton",1987,12,Retired,"2054-03-11 00:00:00",Male,"Engineering Science","Mechanical Engineering","Brigadier General","US Air Force (Retired)",3,700,0,0,"STS-49 (Endeavor), STS-59 (Endeavor), STS-76 (Atlantis)",NULL,NULL,"Los Angeles",CA,USA,"US Air Force Academy","Columbia University"
"Laurel B. Clark",1996,16,Deceased,"2061-03-10 00:00:00",Female,Zoology,Medicine,Captain,"US Navy",1,382,0,0,"STS-107 (Columbia)",2/1/03,"STS-107 (Columbia)",Ames,IA,USA,"University of Wisconsin-Madison",
"Mary L. Cleave",1980,9,Retired,"2047-02-05 00:00:00",Female,"Biological Science","Microbial Ecology; Environmental Engineering",Non-Military,Non-military,2,262,0,0,"STS 61-B (Atlantis), STS-30 (Atlantis)",NULL,NULL,Southampton,NY,USA,"Colorado State University","Utah State University"
"Michael R. Clifford",1990,13,Retired,"2052-10-13 00:00:00",Male,NULL,"Aerospace Engineering","Lieutenant Colonel","US Army (Retired)",3,666,1,6,"STS-53 (Discovery), STS-59 (Endeavor), STS-76 (Atlantis)",NULL,NULL,"San Bernardino",CA,USA,"US Military Academy","Georgia Institute of Technology"
"Michael L. Coats",1978,8,Retired,"2046-01-16 00:00:00",Male,NULL,"Science & Technology Administration; Aeronautical Engineering",Captain,"US Navy (Retired)",3,463,0,0,"STS 41-D (Discovery), STS-29 (Discovery), STS-39 (Discovery)",NULL,NULL,Sacramento,CA,USA,"US Naval Academy","George Washington University; US Naval Postgraduate School"
"Kenneth D. Cockrell",1990,13,Management,"2050-04-09 00:00:00",Male,"Mechanical Engineering","Aeronautical Systems",Non-Military,"US Naval Reserves",5,1548,0,0,"STS-56 (Discovery), STS-69 (Endeavor), STS-80 (Columbia), STS-98 (Atlantis), STS-111 (Endeavor)",NULL,NULL,Austin,TX,USA,"University of Texas","University of West Florida"
"Catherine G. Coleman",1992,14,Active,"2060-12-14 00:00:00",Female,Chemistry,"Polymer Science & Engineering",Colonel,"US Air Force (Retired)",3,4324,0,0,"STS-73 (Columbia), STS-93 (Columbia), ISS-26,27 (Soyuz)",NULL,NULL,Charleston,SC,USA,MIT,"University of Massachusetts"
"Eileen M. Collins",1990,13,Retired,"2059-11-19 00:00:00",Female,"Mathematics & Economics","Operations Research; Space Systems Management",Colonel,"US Air Force (Retired)",4,890,0,0,"STS-63 (Discovery), STS-84 (Atlantis), STS-114 (Columbia), STS-93 (Discovery)",NULL,NULL,Elmira,NY,USA,"Syracuse University","Stanford University; Webster University"
"Michael Collins",1963,3,Retired,"2030-10-31 00:00:00",Male,NULL,NULL,Non-Military,"US Air Force Reserves",2,266,1,1,"Gemini 10, Apollo 11",NULL,NULL,Rome,,Italy,"US Military Academy",
"Charles Conrad Jr. ",1962,2,Deceased,"2030-05-02 00:00:00",Male,"Aeronautical Engineering",NULL,Captain,"US Navy (Retired)",4,1179,4,12,"Gemini 5, Gemini 11, Apollo 12, Skylab 2",7/8/99,NULL,Philadelphia,PA,USA,"Princeton University",
"L. Gordon Cooper Jr. ",1959,1,Deceased,"2027-03-06 00:00:00",Male,"Aeronautical Engineering",NULL,Colonel,"US Air Force (Retired)",2,225,0,0,"Mercury 9, Gemini 5",10/4/04,NULL,Shawnee,OK,USA,"Air Force Institute of Technology",
"Richard O. Covey",1978,8,Retired,"2046-08-01 00:00:00",Male,"Engineering Science","Aeronautics & Astronautics",Colonel,"US Air Force (Retired)",4,645,0,0,"STS 51-l (Discovery), STS-26 (Discovery), STS-38 (Atlantis), STS-61 (Endeavor)",NULL,NULL,Fayetteville,AR,USA,"US Air Force Academy","Purdue University"
"Timothy J. Creamer",1998,17,Management,"2059-11-15 00:00:00",Male,Chemistry,Physics,Colonel,"US Army (Retired)",1,3917,0,0,"ISS-22,23 (Soyuz)",NULL,NULL,"Ft. Huachuca",AZ,USA,"Loyola College",MIT
"John O. Creighton",1978,8,Retired,"2043-04-28 00:00:00",Male,NULL,"Science & Technology Administration",Captain,"US Navy (Retired)",3,404,0,0,"STS 51-G (Discovery), STS-36 (Atlantis), STS-48 (Discovery)",NULL,NULL,Orange,TX,USA,"US Naval Academy","George Washington University"
"Robert L. Crippen",1969,7,Retired,"2037-09-11 00:00:00",Male,"Aerospace Engineering",NULL,Captain,"US Navy (Retired)",4,565,0,0,"STS-1 (Columbia), STS-7 (Challenger), STS 41-C (Challenger), STS 41-G (Challenger)",NULL,NULL,Beaumont,TX,USA,"University of Texas",
"Roger K. Crouch",NULL,NULL,Retired,"2040-09-12 00:00:00",Male,Physics,Physics,Non-Military,Non-military,1,471,0,0,"STS-83 (Columbia), STS-94 (Columbia)",NULL,NULL,Jamestown,TN,USA,"Tennessee Polytechnic Institute","Virginia Polytechnic Institute"
"Frank L. Culbertson Jr. ",1984,10,Retired,"2049-05-15 00:00:00",Male,"Aerospace Engineering",NULL,Captain,"US Navy (Retired)",3,3446,1,5,"STS-38 (Atlantis), STS-51 (Discovery), STS-105,108 (Discovery,Endeavor)",NULL,NULL,Charleston,SC,USA,"US Naval Academy",
"Walter Cunningham",1963,3,Retired,"2032-03-16 00:00:00",Male,Physics,Physics,Colonel,"US Marine Corps Reserves",1,260,0,0,"Apollo 7",NULL,NULL,Creston,IA,USA,"University of California-Los Angeles",
"Robert L. Curbeam Jr. ",1995,15,Retired,"2062-03-05 00:00:00",Male,"Aerospace Engineering","Aerospace Engineering; Aeronautical & Astronautical Engineering",Captain,"US Navy (Retired)",3,902,7,45,"STS-85 (Discovery), STS-98 (Atlantis), STS-116 (Discovery)",NULL,NULL,Baltimore,MD,USA,"US Naval Academy","US Naval Postgraduate School"
"Nancy J. Currie",1990,13,Management,"2058-12-29 00:00:00",Female,"Biological Science","Safety Engineering; Industrial Engineering",Colonel,"US Army (Retired)",4,999,0,0,"STS-57 (Endeavor), STS-70 (Discovery), STS-88 (Endeavor), STS-109 (Columbia)",NULL,NULL,Wilmington,DE,USA,"Ohio State University","University of Southern California; University of Houston"
"N. Jan Davis",1987,12,Retired,"2053-11-01 00:00:00",Female,"Applied Biology; Mechanical Engineering","Mechanical Engineering",Non-Military,Non-military,3,673,0,0,"STS-47 (Endeavor), STS-60 (Discovery), STS-85 (Discovery)",NULL,NULL,"Cocoa Beach",FL,USA,"Georgia Institute of Technology","Auburn University; University of Alabama-Huntsville"
"Lawrence J. Delucas",NULL,NULL,Retired,"2050-07-11 00:00:00",Male,"Chemistry; Physiological Optics","Chemistry; Biochemistry; Optometry",Non-Military,Non-military,1,331,0,0,"STS-50 (Columbia)",NULL,NULL,Syracuse,NY,USA,"University of Alabama at Birmingham",
"Alvin B. Drew Jr. ",2000,18,Active,"2062-11-05 00:00:00",Male,"Physics & Astronautical Engineering","Aerospace Science; Political Science",Colonel,"US Air Force",2,613,2,13,"STS-118 (Endeavor), STS-133 (Discovery)",NULL,NULL,Washington,DC,USA,"US Air Force Academy","Embry-Riddle Aeronautical University"
"Brian Duffy",1985,11,Retired,"2053-06-20 00:00:00",Male,Mathematics,"Systems Management",Colonel,"US Air Force (Retired)",4,977,0,0,"STS-45 (Atlantis), STS-57 (Endeavor), STS-72 (Endeavor), STS-92 (Discovery)",NULL,NULL,Boston,MA,USA,"US Air Force Academy","University of Southern California"
"Charles M. Duke Jr. ",1966,5,Retired,"2035-10-03 00:00:00",Male,"Naval Sciences",Aeronautics,"Brigadier General","US Air Force (Retired)",1,265,3,20,"Apollo 16",NULL,NULL,Charlotte,NC,USA,"US Naval Academy",MIT
"Bonnie J. Dunbar",1980,9,Retired,"2049-03-03 00:00:00",Female,"Ceramic Engineering","Ceramic Engineering; Biomedical Engineering",Non-Military,Non-military,5,1207,0,0,"STS 61-A (Challenger), STS-32 (Columbia), STS-50 (Columbia), STS-71 (Atlantis), STS-89 (Endeavor)",NULL,NULL,Sunnyside,WA,USA,"University of Washington","University of Houston"
"Samuel T. Durrance",NULL,NULL,Retired,"2043-09-17 00:00:00",Male,Physics,"Physics; Astrogeophysics",Non-Military,Non-military,2,614,0,0,"STS-35 (Columbia), STS-67 (Endeavor)",NULL,NULL,Tallahassee,FL,USA,"California State University","University of Colorado"
"James P. Dutton Jr. ",2004,19,Management,"2068-11-20 00:00:00",Male,"Astronautical Engineering","Aeronautics & Astronautics",Colonel,"US Air Force",1,362,0,0,"STS-131 (Discovery)",NULL,NULL,Eugene,OR,USA,"US Air Force Academy","University of Washington"
"Joe F. Edwards Jr. ",1995,15,Retired,"2058-02-03 00:00:00",Male,"Aerospace Engineering","Aviation Systems",Commander,"US Navy (Retired)",1,211,0,0,"STS-89 (Endeavor)",NULL,NULL,Richmond,VA,USA,"US Naval Academy","University of Tennessee-Knoxville"
"Donn F. Eisele",1963,3,Deceased,"2030-05-23 00:00:00",Male,Astronautics,Astronautics,Colonel,"US Air Force (Retired)",1,260,0,0,"Apollo 7",12/2/87,NULL,Columbus,OH,USA,"US Naval Academy","US Air Force Institute of Technology"
"Anthony W. England",1967,6,Retired,"2042-05-15 00:00:00",Male,Geology,"Geology; Geophysics",Non-Military,Non-military,1,190,0,0,"STS 51-F (Challenger)",NULL,NULL,Indianapolis,IN,USA,MIT,
"Joe H. Engle",1966,5,Retired,"2032-08-26 00:00:00",Male,"Aeronautical Engineering",NULL,"Major General","US Air Force (Retired)",2,224,0,0,"STS-2 (Columbia), STS 51-I (Discovery)",NULL,NULL,Dickinson,KS,USA,"University of Kansas",
"Jeanette J. Epps",2009,20,Active,"1970-11-03 00:00:00",Female,Physics,"Aerospace Engineering",Non-Military,Non-military,0,0,0,0,"No missions",NULL,NULL,Syracuse,NY,USA,"LeMoyne College","University of Maryland"
"Ronald E. Evans Jr. ",1966,5,Deceased,"2033-11-10 00:00:00",Male,"Electrical Engineering","Aeronautical Engineering",Captain,"US Navy (Retired)",1,301,1,1,"Apollo 17",4/6/90,NULL,"St. Francis",KS,USA,"University of Kansas","US Naval Postgraduate School"
"John M. Fabian",1978,8,Retired,"2039-01-28 00:00:00",Male,"Mechanical Engineering","Aerospace Engineering; Aeronautics & Astronautics",Colonel,"US Air Force (Retired)",2,316,0,0,"STS-7 (Challenger), STS 51-G (Discovery)",NULL,NULL,Goosecreek,TX,USA,"Washington State University","US Air Force Institute of Technology; University of Washington"
"Christopher J. Ferguson",1998,17,Retired,"2061-09-01 00:00:00",Male,"Mechanical Engineering","Aeronautical Engineering",Captain,"US Navy (Retired)",3,970,0,0,"STS-115 (Atlantis), STS-126 (Endeavor), STS-135 (Atlantis)",NULL,NULL,Philadelphia,PA,USA,"Drexel University","US Naval Postgraduate School"
"Martin J. Fettman",NULL,NULL,Retired,"2056-12-31 00:00:00",Male,"Animal Nutrition",Physiology,Non-Military,Non-military,1,336,0,0,"STS-58 (Columbia)",NULL,NULL,Brooklyn,NY,USA,"Cornell University","Colorado State University"
"Andrew J. Feustel",2000,18,Active,"2065-08-25 00:00:00",Male,"Solid Earth Sciences","Geophysics; Seismology",Non-Military,Non-military,2,687,6,42,"STS-125 (Atlantis), STS-134 (Endeavor)",NULL,NULL,Lancaster,PA,USA,"Purdue University","Queen’s University-Canada"
"E. Michael Fincke",1996,16,Active,"2067-03-14 00:00:00",Male,"Aeronautics & Astronautics; Earth; Atmospheric & Planetary Sciences","Aeronautics & Astronautics; Physical Sciences",Colonel,"US Air Force",3,9159,9,48,"ISS-09 (Soyuz), ISS-18 (Soyuz), STS-134 (Endeavor)",NULL,NULL,Pittsburgh,PA,USA,MIT,"Stanford University; University of Houston-Clear Lake"
"Jack D. Fischer",2009,20,Active,"1974-01-23 00:00:00",Male,"Astronautical Engineering","Aeronautics & Astronautics",Non-Military,Non-military,0,0,0,0,"No missions",NULL,NULL,Louisville,CO,USA,"US Air Force Academy",MIT
"Anna L. Fisher",1978,8,Management,"2049-08-24 00:00:00",Female,Chemistry,"Chemistry; Medicine",Non-Military,Non-military,1,191,0,0,"STS 51-A (Discovery)",NULL,NULL,"New York",NY,USA,"University of California-Los Angeles",
"William F. Fisher",1980,9,Retired,"2046-04-01 00:00:00",Male,NULL,"Engineering; Medicine",Non-Military,Non-military,1,170,2,12,"STS 51-I (Discovery)",NULL,NULL,Dallas,TX,USA,"Stanford University","University of Houston; University of Florida"
"C. Michael Foale",1987,12,Active,"2057-01-06 00:00:00",Male,Physics,"Laboratory Astrophysics",Non-Military,Non-military,6,8970,4,22,"STS-45 (Atlantis), STS-56 (Discovery), STS-63 (Discovery), STS-84,86 (Atlantis), STS-103 (Discovery), ISS-08 (Soyuz)",NULL,NULL,Louth,,England,"Cambridge University",
"Kevin A. Ford",2000,18,Active,"2060-07-07 00:00:00",Male,"Aerospace Engineering","International Relations; Aerospace Engineering; Astronautical Engineering",Colonel,"US Air Force (Retired)",2,3781,0,0,"STS-128 (Discovery), ISS-33,34 (Soyuz)",NULL,NULL,Portland,IN,USA,"University of Notre Dame","Troy State University; University of Florida; Air Force Institute of Technology"
"Michael J. Foreman",1998,17,Management,"2057-03-29 00:00:00",Male,"Aerospace Engineering","Aeronautical Engineering",Captain,"US Navy (Retired)",2,637,5,32,"STS-123 (Endeavor), STS-129 (Atlantis)",NULL,NULL,Columbus,OH,USA,"US Naval Academy","US Naval Postgraduate School"
"Patrick G. Forrester",1996,16,Management,"2057-03-31 00:00:00",Male,"Applied Science & Engineering","Mechanical & Aerospace Engineering",Colonel,"US Army (Retired)",3,950,4,25,"STS-105 (Discovery), STS-117 (Atlantis), STS-128 (Discovery)",NULL,NULL,"El Paso",TX,USA,"US Military Academy","University of Virginia"
"Michael E. Fossum",1998,17,Active,"2057-12-19 00:00:00",Male,"Mechanical Engineering","Systems Engineering; Physical Science (Space Science)",Non-Military,"US Air Force Reserves (Retired)",3,4651,7,48,"STS-121 (Discovery), STS-124 (Discovery), ISS-28,29 (Soyuz)",NULL,NULL,"Sioux Falls",SD,USA,"Texas A&M University","Air Force Institute of Technology; University of Houston-Clear Lake"
"Theodore C. Freeman",1963,3,Deceased,"2030-02-18 00:00:00",Male,NULL,"Aeronautical Engineering",Captain,"US Air Force",0,0,0,0,"No missions",10/31/64,NULL,Haversford,PA,USA,"US Naval Academy","University of Michigan"
"Stephen N. Frick",1996,16,Management,"2061-09-30 00:00:00",Male,"Aerospace Engineering","Aeronautical Engineering",Captain,"US Navy (Retired)",2,566,0,0,"STS-110 (Atlantis), STS-122 (Atlantis)",NULL,NULL,Pittsburgh,PA,USA,"US Naval Academy","US Naval Postgraduate School"
"C. Gordon Fullerton",1969,7,Retired,"2036-10-11 00:00:00",Male,"Mechanical Engineering","Mechanical Engineering",Colonel,"US Air Force (Retired)",2,382,0,0,"STS-3 (Columbia), STS 51-F (Challenger)",NULL,NULL,Rochester,NY,USA,"California Institute of Technology",
"F. Andrew Gaffney",NULL,NULL,Retired,"2046-06-09 00:00:00",Male,Psychology,Medicine,Non-Military,Non-military,1,218,0,0,"STS-40 (Columbia)",NULL,NULL,Carlsbad,NM,USA,"University of California-Berkeley","University of New Mexico"
"Ronald J. Garan Jr. ",2000,18,Management,"2061-10-20 00:00:00",Male,"Business Economics","Aeronautics; Aerospace Engineering",Colonel,"US Air Force (Retired)",2,4271,4,27,"STS-124 (Discovery), ISS-27,28 (Soyuz)",NULL,NULL,Yonkers,NY,USA,"State University of New York","Embry-Riddle Aeronautical University; University of Florida"
"Dale A. Gardner",1978,8,Retired,"2048-11-08 00:00:00",Male,"Engineering Physics",NULL,Captain,"US Navy (Retired)",2,336,2,12,"STS-8 (Challenger), STS 51-A (Discovery)",NULL,NULL,Fairmont,MN,USA,"University of Illinois",
"Guy S. Gardner",1980,9,Retired,"2048-01-06 00:00:00",Male,"Engineering Sciences; Astronautics & Mathematics",Astronautics,Colonel,"US Air Force (Retired)",2,320,0,0,"STS-27 (Atlantis), STS-35 (Columbia)",NULL,NULL,"Alta Vista",VA,USA,"US Air Force Academy","Purdue University"
"Jake Garn",NULL,NULL,Retired,"2032-10-12 00:00:00",Male,"Business Finance",NULL,Non-Military,Non-military,1,167,0,0,"STS 51-D (Discovery)",NULL,NULL,"Richfield. UT",,USA,"University of Utah",
"Owen K. Garriott",1965,4,Retired,"2030-11-22 00:00:00",Male,"Electrical Engineering","Electrical Engineering",Non-Military,Non-military,2,1674,3,14,"Skylab 3, STS-9 (Columbia)",NULL,NULL,Enid,OK,USA,"University of Oklahoma","Stanford University"
"Charles D. Gemar",1985,11,Retired,"2055-08-04 00:00:00",Male,Engineering,NULL,"Lieutenant Colonel","US Army",3,581,0,0,"STS-38 (Atlantis), STS-48 (Discovery), STS-62 (Columbia)",NULL,NULL,Yanktown,SD,USA,"US Military Academy",
"Michael L. Gernhardt",1992,14,Management,"2056-05-04 00:00:00",Male,Physics,Bioengineering,Non-Military,Non-military,4,1039,4,23,"STS-69 (Endeavor), STS-83 (Columbia), STS-94 (Columbia), STS-104 (Atlantis)",NULL,NULL,Mansfield,OH,USA,"Vanderbilt University","University of Pennsylvania"
"Edward G. Gibson",1965,4,Retired,"2036-11-08 00:00:00",Male,Engineering,Engineering,Non-Military,Non-military,1,2017,3,15,"Skylab 4",NULL,NULL,Buffalo,NY,USA,"University of Rochester","California Institute of Technology"
"Robert L. Gibson",1978,8,Retired,"2046-10-30 00:00:00",Male,"Aeronautical Engineering",NULL,Captain,"US Navy (Retired)",5,868,0,0,"STS 41-B (Challenger), STS 61-C (Columbia), STS-27 (Atlantis), STS-47 (Endeavor), STS-71 (Atlantis)",NULL,NULL,Cooperstown,NY,USA,"California Polytechnic Institute",
"Edward G. Givens Jr. ",1966,5,Deceased,"2030-01-05 00:00:00",Male,"Naval Sciences",NULL,Major,"US Air Force",0,0,0,0,"No missions",6/6/67,NULL,Quanah,TX,USA,"US Naval Academy",
"John H. Glenn Jr. ",1959,1,Retired,"2021-07-18 00:00:00",Male,Engineering,NULL,Colonel,"US Marine Corps (Retired)",2,218,0,0,"Mercury 6, STS-95 (Discovery)",NULL,NULL,Cambridge,OH,USA,"Muskingum College",
"Linda M. Godwin",1985,11,Retired,"2052-07-02 00:00:00",Female,"Mathematics & Physics",Physics,Non-Military,Non-military,4,918,2,10,"STS-37 (Atlantis), STS-59 (Endeavor), STS-76 (Atlantis), STS-108 (Endeavor)",NULL,NULL,"Cape Girardeau",MO,USA,"Southeast Missouri State","University of Missouri"
"Michael T. Good",2000,18,Management,"2062-10-13 00:00:00",Male,"Aerospace Engineering","Aerospace Engineering",Colonel,"US Air Force (Retired)",2,592,4,30,"STS-125 (Atlantis), STS-132 (Atlantis)",NULL,NULL,Parma,OH,USA,"University of Notre Dame",
"Richard F. Gordon Jr. ",1963,3,Retired,"2029-10-05 00:00:00",Male,Chemistry,NULL,Captain,"US Navy (Retired)",2,315,1,0.5,"Gemini 11, Apollo 12",NULL,NULL,Seattle,WA,USA,"University of Washington",
"Dominic L. Gorie",1995,15,Retired,"2057-05-02 00:00:00",Male,"Ocean Engineering","Aviation Systems",Captain,"US Navy (Retired)",4,1167,0,0,"STS-91 (Discovery), STS-99 (Endeavor), STS-123 (Endeavor), STS-108 (Endeavor)",NULL,NULL,"Lake Charles",LA,USA,"US Naval Academy","University of Tennessee"
"Ronald J. Grabe",1980,9,Retired,"2045-06-13 00:00:00",Male,"Engineering Science",NULL,Colonel,"US Air Force (Retired)",4,627,0,0,"STS 51-J (Atlantis), STS-30 (Atlantis), STS-42 (Discovery), STS-57 (Endeavor)",NULL,NULL,"New York",NY,USA,"US Air Force Academy",
"Duane E. Graveline",1965,4,Retired,"2031-03-02 00:00:00",Male,NULL,"Public Health; Medicine",Non-Military,Non-military,0,0,0,0,"No missions",NULL,NULL,Newport,VT,USA,"University of Vermont","Johns Hopkins University"
"Frederick D. Gregory",1978,8,Retired,"2041-01-07 00:00:00",Male,NULL,"Information Systems",Colonel,"US Air Force (Retired)",3,455,0,0,"STS 51-B (Challenger), STS-33 (Discovery), STS-44 (Atlantis)",NULL,NULL,Washington,DC,USA,"US Air Force Academy","George Washington University"
"William G. Gregory",1990,13,Retired,"2057-05-14 00:00:00",Male,"Engineering Science","Engineering Mechanics; Business Management","Lieutenant Colonel","US Air Force",1,399,0,0,"STS-67 (Endeavor)",NULL,NULL,Lockport,NY,USA,"US Air Force Academy","Columbia University; Troy State University"
"S. David Griggs",1978,8,Deceased,"2039-09-07 00:00:00",Male,NULL,"Business Administration",Non-Military,Non-military,1,167,1,3,"STS 51-D (Discovery)",6/17/89,NULL,Portland,OR,USA,"US Naval Academy","George Washington University"
"Virgil I. Grissom",1959,1,Deceased,"2026-04-03 00:00:00",Male,"Mechanical Engineering",NULL,"Lieutenant Colonel","US Air Force",2,5,0,0,"Mercury 4, Gemini 3, Apollo 1",1/27/67,"Apollo 1",Mitchell,IN,USA,"Purdue University",
"John M. Grunsfeld",1992,14,Management,"2058-10-10 00:00:00",Male,Physics,Physics,Non-Military,Non-military,5,1407,8,58,"STS-67 (Endeavor), STS-81 (Atlantis), STS-103 (Discovery), STS-125 (Atlantis), STS-109 (Columbia)",NULL,NULL,Chicago,IL,USA,MIT,"University of Chicago"
"Sidney M. Gutierrez",1984,10,Retired,"2051-06-27 00:00:00",Male,"Aeronautical Engineering","Business Management",Colonel,"US Air Force (Retired)",2,488,0,0,"STS-40 (Columbia), STS-59 (Endeavor)",NULL,NULL,Albuquerque,NM,USA,"US Air Force Academy","Webster College"
"Fred W. Haise Jr. ",1966,5,Retired,"2033-11-14 00:00:00",Male,"Aeronautical Engineering",NULL,Non-Military,Non-military,1,142,0,0,"Apollo 13",NULL,NULL,Biloxi,MS,USA,"University of Oklahoma",
"James D. Halsell Jr. ",1990,13,Retired,"2056-09-29 00:00:00",Male,Engineering,"Business Management; Space Operations",Colonel,"US Air Force (Retired)",5,1258,0,0,"STS-65 (Columbia), STS-74 (Atlantis), STS-83 (Columbia), STS-94 (Columbia), STS-101 (Atlantis)",NULL,NULL,Monroe,LA,USA,"US Air Force Academy","Troy State University; US Air Force Institute of Technology"
"Kenneth T. Ham",1998,17,Retired,"2064-12-12 00:00:00",Male,"Aerospace Engineering","Aeronautical Engineering",Captain,"US Navy",2,612,0,0,"STS-124 (Discovery), STS-132 (Atlantis)",NULL,NULL,Plainfield,NJ,USA,"US Naval Academy","US Naval Postgraduate School"
"L. Blaine Hammond Jr. ",1984,10,Retired,"2052-01-16 00:00:00",Male,"Engineering Science","Engineering Science",Colonel,"US Air Force (Retired)",2,462,0,0,"STS-39 (Discovery), STS-64 (Discovery)",NULL,NULL,Savannah,GA,USA,"US Air Force Academy","Georgia Institute of Technology"
"Gregory J. Harbaugh",1987,12,Retired,"2056-04-15 00:00:00",Male,"Aeronautical & Astronautical Engineering","Physical Science",Non-Military,Non-military,4,817,3,18,"STS-39 (Discovery), STS-54 (Endeavor), STS-71 (Atlantis), STS-82 (Discovery)",NULL,NULL,Cleveland,OH,USA,"Purdue University","University of Houston-Clear Lake"
"Bernard A. Harris Jr. ",1990,13,Retired,"2056-06-26 00:00:00",Male,Biology,Medicine,Non-Military,Non-military,2,438,1,5,"STS-55 (Columbia), STS-63 (Discovery)",NULL,NULL,Temple,TX,USA,"University of Houston","Texas Tech University"
"Terry J. Hart",1978,8,Retired,"2046-10-27 00:00:00",Male,"Mechanical Engineering","Mechanical Engineering; Electrical Engineering",Non-Military,Non-military,1,167,0,0,"STS 41-C (Challenger)",NULL,NULL,Pittsburgh,PA,USA,"Lehigh University","MIT; Rutgers University"
"Henry W. Hartsfield Jr. ",1969,7,Retired,"2033-11-21 00:00:00",Male,Physics,"Engineering Science",Colonel,"US Air Force (Retired)",3,482,0,0,"STS-4 (Columbia), STS 41-D (Discovery), STS 61-A (Challenger)",NULL,NULL,Birmingham,AL,USA,"Auburn University","University of Tennessee"
"Frederick H. Hauck",1978,8,Retired,"2041-04-11 00:00:00",Male,Physics,"Nuclear Engineering",Captain,"US Navy (Retired)",3,435,0,0,"STS-7 (Challenger), STS 51-A (Discovery), STS-26 (Discovery)",NULL,NULL,"Long Beach",CA,USA,"Tufts University",MIT
"Steven A. Hawley",1978,8,Retired,"2051-12-12 00:00:00",Male,"Physics & Astronomy","Astronomy & Astrophysics",Non-Military,Non-military,5,770,0,0,"STS 41-D (Discovery), STS 61-C (Columbia), STS-31 (Discovery), STS-82 (Discovery), STS-93 (Columbia)",NULL,NULL,Ottawa,KS,USA,"University of Kansas","University of California"
"Susan J. Helms",1990,13,Retired,"2058-02-26 00:00:00",Female,"Aeronautical Engineering","Aeronautics & Astronautics","Lieutenant General","US Air Force",5,5063,1,9,"STS-54 (Endeavor), STS-64 (Discovery), STS-78 (Columbia), STS-101 (Atlantis), STS-102,105 (Discovery)",NULL,NULL,Charlotte,NC,USA,"US Air Force Academy","Stanford University"
"Karl G. Henize",1967,6,Deceased,"2026-10-17 00:00:00",Male,Mathematics,Astronomy,Non-Military,Non-military,1,190,0,0,"STS 51-F (Challenger)",10/5/93,NULL,Cincinnati,OH,USA,"University of Virginia","University of Michigan"
"Thomas J. Hennen",NULL,NULL,Retired,"2052-08-17 00:00:00",Male,NULL,NULL,"Chief Warrant Officer","US Army (Retired)",1,166,0,0,"STS-44 (Atlantis)",NULL,NULL,Albany,GA,USA,,
"Terence T. Henricks",1985,11,Retired,"2052-07-05 00:00:00",Male,"Civil Engineering","Public Administration",Colonel,"US Air Force (Retired)",4,1026,0,0,"STS-44 (Atlantis), STS-55 (Columbia), STS-70 (Discovery), STS-78 (Columbia)",NULL,NULL,Bryan,OH,USA,"US Air Force Academy","Golden Gate University"
"Jose M. Hernandez",2004,19,Retired,"2062-08-07 00:00:00",Male,"Electrical Engineering","Electrical & Computer Engineering",Non-Military,Non-military,1,332,0,0,"STS-128 (Discovery)",NULL,NULL,"French Camp",CA,USA,"University of the Pacific","University of California-Santa Barbara"
"John B. Herrington",1996,16,Retired,"2058-09-14 00:00:00",Male,"Applied Mathematics","Aeronautical Engineering",Commander,"US Navy (Retired)",1,330,3,20,"STS-113 (Endeavor)",NULL,NULL,Wetumka,OK,USA,"University of Colorado","US Naval Postgraduate School"
"Richard J. Hieb",1985,11,Retired,"2055-09-21 00:00:00",Male,"Mathematics & Physics","Aerospace Engineering",Non-Military,Non-military,3,766,3,18,"STS-39 (Discovery), STS-49 (Endeavor), STS-65 (Columbia)",NULL,NULL,Jamestown,ND,USA,"Northwest Nazarene College","University of Colorado"
"Joan E. Higginbotham",1996,16,Retired,"2064-08-03 00:00:00",Female,"Electrical Engineering","Business Management; Space Systems",Non-Military,Non-military,1,308,0,0,"STS-116 (Discovery)",NULL,NULL,Chicago,IL,USA,"Southern Illinois University-Carbondale","Florida Institute of Technology"
"David C. Hilmers",1980,9,Retired,"2050-01-28 00:00:00",Male,Mathematics,"Electrical Engineering",Colonel,"US Marine Corps (Retired)",4,494,0,0,"ST 51-J (Atlantis), STS-26 (Discovery), STS-36 (Atlantis), STS-42 (Discovery)",NULL,NULL,Clinton,IA,USA,"Cornell University","US Naval Postgraduate School"
"Kathryn P. Hire",1995,15,Management,"2059-08-26 00:00:00",Female,"Engineering Management","Space Technology",Captain,"US Naval Reserves",2,711,0,0,"STS-90 (Columbia), STS-130 (Endeavor)",NULL,NULL,Mobile,AL,USA,"US Naval Academy","Florida State Institute of Technology"
"Charles O. Hobaugh",1996,16,Retired,"2061-11-05 00:00:00",Male,"Aerospace Engineering",NULL,Colonel,"US Marine Corps (Retired)",3,873,0,0,"STS-104 (Atlantis), STS-118 (Endeavor), ST-129 (Atlantis)",NULL,NULL,"Bar Harbor",ME,USA,"US Naval Academy",
"Jeffrey A. Hoffman",1978,8,Retired,"2044-11-02 00:00:00",Male,Astronomy,"Materials Science; Astrophysics",Non-Military,Non-military,5,1211,4,25,"STS 51-D (Discovery), STS-35 (Columbia), STS-46 (Atlantis), STS-61 (Endeavor), STS-75 (Columbia)",NULL,NULL,Brooklyn,NY,USA,"Amherst College","Rice University; Harvard University"
"Donald L. Holmquest",1967,6,Retired,"2039-04-07 00:00:00",Male,"Electrical Engineering","Physiology; Medicine; Law",Non-Military,Non-military,0,0,0,0,"No missions",NULL,NULL,Dallas,TX,USA,"Southern Methodist University","Baylor University; University of Houston"
"Michael S. Hopkins",2009,20,Active,"2068-12-28 00:00:00",Male,"Aerospace Engineering","Aerospace Engineering",Colonel,"US Air Force",1,3990,2,13,"ISS-37,38 (Soyuz)",NULL,NULL,Lebanon,MO,USA,"University of Illinois","Stanford University"
"Scott J. Horowitz",1992,14,Retired,"2057-03-24 00:00:00",Male,Engineering,"Aerospace Engineering",Colonel,"US Air Force (Retired)",4,1137,0,0,"STS-75 (Columbia), STS-82 (Discovery), STS-101 (Atlantis), STS-105 (Discovery)",NULL,NULL,Philadelphia,PA,USA,"California State University-Northridge","Georgia Institute of Technology"
"Millie Hughes-Fulford",NULL,NULL,Retired,"2045-12-21 00:00:00",Female,"Chemistry & Biology",NULL,Non-Military,Non-military,1,218,0,0,"STS-40 (Columbia)",NULL,NULL,"Mineral Wells",TX,USA,"Tarleton State University","Texas Woman’s University"
"Douglas G. Hurley",2000,18,Active,"2066-10-21 00:00:00",Male,"Civil Engineering",NULL,Colonel,"US Marine Corps",2,683,0,0,"STS-127 (Endeavor), STS-135 (Atlantis)",NULL,NULL,Endicott,NY,USA,"Tulane University",
"Rick D. Husband",1995,15,Deceased,"2057-07-12 00:00:00",Male,"Mechanical Engineering","Mechanical Engineering",Colonel,"US Air Force",2,617,0,0,"STS-96 (Discovery), STS-107 (Columbia)",2/1/03,"STS-107 (Columbia)",Amarillo,TX,USA,"Texas Tech University","California State University"
"James B. Irwin",1966,5,Deceased,"2030-03-17 00:00:00",Male,"Naval Sciences","Aeronautical Engineering",Colonel,"US Air Force (Retired)",1,295,3,20,"Apollo 15",8/8/91,NULL,Pittsburgh,PA,USA,"US Naval Academy","University of Michigan"
"Marsha S. Ivins",1984,10,Retired,"2051-04-15 00:00:00",Female,"Aerospace Engineering",NULL,Non-Military,Non-military,5,1341,0,0,"STS-32 (Columbia), STS-46 (Atlantis), STS-62 (Columbia), STS-81 (Atlantis), STS-98 (Atlantis)",NULL,NULL,Baltimore,MD,USA,"University of Colorado",
"Gregory B. Jarvis",NULL,NULL,Deceased,"2044-08-24 00:00:00",Male,"Electrical Engineering","Electrical Engineering",Non-Military,Non-military,1,0,0,0,"STS 51-L (Challenger)",1/28/86,"STS 51-L (Challenger)",Detroit,MI,USA,"State University of New York at Buffalo","Northeastern University"
"Mae C. Jemison",1987,12,Retired,"2056-10-17 00:00:00",Female,"Chemical Engineering",Medicine,Non-Military,Non-military,1,190,0,0,"STS-47 (Endeavor)",NULL,NULL,Decatur,AL,USA,"Stanford University","Cornell University"
"Tamara E. Jernigan",1985,11,Retired,"2059-05-07 00:00:00",Female,Physics,"Engineering Science; Astronomy",Non-Military,Non-military,5,1489,1,8,"STS-40 (Columbia), STS-52 (Columbia), STS-67 (Endeavor), STS-80 (Columbia), STS-98 (Discovery)",NULL,NULL,Chattanooga,TN,USA,"Stanford University","University of California-Berkeley; Rice University"
"Brent W. Jett",1992,14,Retired,"2058-10-05 00:00:00",Male,"Aerospace Engineering","Aeronautical Engineering",Captain,"US Navy (Retired)",4,1002,0,0,"STS-72 (Endeavor), STS-81 (Atlantis), STS-97 (Endeavor), STS-115 (Atlantis)",NULL,NULL,Pontiac,MI,USA,"US Naval Academy","US Naval Postgraduate School"
"Gregory C. Johnson",1998,17,Management,"2054-07-30 00:00:00",Male,"Aerospace Engineering",NULL,Captain,"US Navy (Retired)",1,309,0,0,"STS-125 (Atlantis)",NULL,NULL,Seattle,WA,USA,"University of Washington",
"Gregory H. Johnson",1998,17,Active,"2062-05-12 00:00:00",Male,"Aeronautical Engineering","Flight Structures Engineering; Business Administration",Colonel,"US Air Force (Retired)",2,755,0,0,"STS-123 (Endeavor), STS-134 (Endeavor)",NULL,NULL,London,,England,"US Air Force Academy","Columbia University; University of Texas"
"Thomas D. Jones",1990,13,Retired,"2055-01-22 00:00:00",Male,NULL,"Planetary Science",Non-Military,Non-military,4,1272,3,20,"STS-59 (Endeavor), STS-68 (Endeavor), STS-80 (Columbia), STS-98 (Atlantis)",NULL,NULL,Baltimore,MD,USA,"US Air Force Academy","University of Arizona"
"Janet L. Kavandi",1995,15,Management,"2059-07-17 00:00:00",Female,Chemistry,Chemistry,Non-Military,Non-military,3,812,0,0,"STS-91 (Discovery), STS-99 (Endeavor), STS-104 (Atlantis)",NULL,NULL,Springfield,MO,USA,"Missouri Southern State College","University of Missouri; University of Washington"
"James M. Kelly",1996,16,Management,"2064-05-14 00:00:00",Male,"Astronautical Engineering","Aerospace Engineering",Colonel,"US Air Force (Retired)",2,641,0,0,"STS-102 (Discovery), STS-114 (Discovery)",NULL,NULL,Burlington,IA,USA,"US Air Force Academy","University of Alabama"
"Mark E. Kelly",1996,16,Retired,"2064-02-21 00:00:00",Male,"Marine Engineering & Nautical Science","Aeronautical Engineering",Captain,"US Navy (Retired)",4,1298,0,0,"STS-108 (Endeavor), STS-121 (Discovery), STS-124 (Discovery), STS-134 (Endeavor)",NULL,NULL,Orange,NJ,USA,"US Merchant Marine Academy","US Naval Postgraduate School"
"Scott J. Kelly",1996,16,Active,"2064-02-21 00:00:00",Male,"Electrical Engineering","Aviation Systems",Captain,"US Navy (Retired)",4,12490,3,18,"STS-103 (Discovery), STS-118 (Endeavor), ISS-25,26 (Soyuz), ISS-43,44,45,46 (Soyuz)",NULL,NULL,Orange,NJ,USA,"State University of New York Maritime College","University of Tennessee-Knoxville"
"Joseph P. Kerwin",1965,4,Retired,"2032-02-19 00:00:00",Male,Philosophy,Medicine,Captain,"US Navy (Retired)",1,672,1,3,"Skylab 2",NULL,NULL,"Oak Park",IL,USA,"College of the Holy Cross","Northwestern University"
"Susan L. Kilrain (Still)",1995,15,Retired,"2061-10-24 00:00:00",Female,"Astronautical Engineering","Aerospace Engineering",Commander,"US Navy (Retired)",2,472,0,0,"STS-83 (Columbia), STS-94 (Columbia)",NULL,NULL,Augusta,GA,USA,"Embry-Riddle University","Georgia Institute of Technology"
"Robert Shane Kimbrough",2004,19,Active,"2067-06-04 00:00:00",Male,"Aerospace Engineering","Operations Research",Colonel,"US Army",3,3720,4,25,"STS-126 (Endeavor), ISS-49,50 (Soyuz)",NULL,NULL,Killeen,TX,USA,"US Military Academy","Georgia Institute of Technology"
"Timothy L. Kopra",2000,18,Active,"2063-04-09 00:00:00",Male,"Computer Science","Aerospace Engineering; Strategic Studies",Colonel,"US Army (Retired)",2,5857,3,13,"STS-127,128 (Endeavor,Discovery), ISS-46,47 (Soyuz)",NULL,NULL,Austin,TX,USA,"US Military Academy","Georgia Institute of Technology; US Army War College"
"Kevin R. Kregel",1992,14,Retired,"2056-09-16 00:00:00",Male,"Astronautical Engineering","Public Administration",Non-Military,Non-military,4,1265,0,0,"STS-70 (Discovery), STS-78 (Columbia), STS-87 (Columbia), STS-99 (Endeavor)",NULL,NULL,"New York",NY,USA,"US Air Force Academy","Troy State University"
"Wendy B. Lawrence",1992,14,Retired,"2059-07-02 00:00:00",Female,"Ocean Engineering","Ocean Engineering",Captain,"US Navy (Retired)",4,1223,0,0,"STS-67 (Endeavor), STS-86 (Atlantis), STS-91 (Discovery), STS-114 (Discovery)",NULL,NULL,Jacksonville,FL,USA,"US Naval Academy",MIT
"Mark C. Lee",1984,10,Retired,"2052-08-14 00:00:00",Male,"Civil Engineering","Mechanical Engineering",Colonel,"US Air Force (Retired)",4,789,4,26,"STS-30 (Atlantis), STS-47 (Endeavor), STS-64 (Discovery), STS-82 (Discovery)",NULL,NULL,Viroqua,WI,USA,"US Air Force Academy",MIT
"David C. Leestma",1980,9,Management,"2049-05-06 00:00:00",Male,"Aeronautical Engineering","Aeronautical Engineering",Captain,"US Navy (Retired)",3,532,1,3,"STS 41-G (Challenger), STS-28 (Columbia), STS-45 (Atlantis)",NULL,NULL,Muskegon,MI,USA,"US Naval Academy","US Naval Postgraduate School"
"William B. Lenoir",1967,6,Deceased,"2039-03-14 00:00:00",Male,"Electrical Engineering","Electrical Engineering",Non-Military,Non-military,1,122,0,0,"STS-5 (Columbia)",8/26/12,NULL,Miami,FL,USA,MIT,
"Fred W. Leslie",NULL,NULL,Retired,"2051-12-19 00:00:00",Male,"Engineering Science",Meteorology,Non-Military,Non-military,1,381,0,0,"STS-73 (Columbia)",NULL,NULL,Ancon,,Panama,"University of Texas","University of Oklahoma"
"Byron K. Lichtenberg",NULL,NULL,Retired,"2048-02-19 00:00:00",Male,"Aerospace Engineering","Mechanical Engineering; Biomedical Engineering",Non-Military,Non-military,2,461,0,0,"STS-9 (Columbia), STS-45 (Atlantis)",NULL,NULL,Stroudsburg,PA,USA,"Brown University",MIT
"Don L. Lind",1966,5,Retired,"2030-05-18 00:00:00",Male,Physics,"Nuclear Physics",Non-Military,Non-military,1,168,0,0,"STS 51-B (Challenger)",NULL,NULL,Midvale,UT,USA,"University of Utah","University of California-Berkley"
"Kjell N. Lindgren",2009,20,Active,"1973-01-23 00:00:00",Male,Biology,"Medicine; Cardiovascular Physiology; Health Informatics; Public Health",Non-Military,Non-military,1,3400,2,15,"ISS-44,45 (Soyuz)",NULL,NULL,Taipei,,Taiwan,"US Air Force Academy","University of Colorado; Colorado State University; University of Minnesota; University of Texas Medical Branch-Galveston"
"Steven W. Lindsey",1995,15,Retired,"2060-08-24 00:00:00",Male,"Engineering Science","Aeronautical Engineering",Colonel,"US Air Force (Retired)",5,1510,0,0,"STS-87 (Columbia), STS-95 (Discovery), STS-104 (Atlantis), STS-121 (Discovery), STS-133 (Discovery)",NULL,NULL,Arcadia,CA,USA,"US Air Force Academy","US Air Force Institute of Technology"
"Jerry M. Linenger",1992,14,Retired,"2055-01-16 00:00:00",Male,Bioscience,"Systems Management; Public Health; Medicine; Epidemiology",Captain,"US Navy (Retired)",2,3435,1,5,"STS-64 (Discovery), STS-81,84 (Atlantis)",NULL,NULL,"Mount Clemens",MI,USA,"US Naval Academy","University of Southern California; University of North Carolina; Wayne State University"
"Richard M. Linnehan",1992,14,Management,"2057-09-19 00:00:00",Male,"Animal Science","Veterinary Medicine; Public Administration",Non-Military,Non-military,4,1427,6,43,"STS-78 (Columbia), STS-90 (Columbia), STS-109 (Columbia), STS-123 (Endeavor)",NULL,NULL,Lowell,MA,USA,"University of New Hampshire","Ohio State University; Harvard University"
"Gregory T. Linteris",NULL,NULL,Retired,"2057-10-04 00:00:00",Male,"Chemical Engineering","Mechanical Engineering; Mechanical & Aerospace Engineering",Non-Military,Non-military,2,471,0,0,"STS-83 (Columbia), STS-94 (Columbia)",NULL,NULL,Demarest,NJ,USA,"Princeton University","Stanford University"
"John A. Llewellyn",1967,6,Retired,"2033-04-22 00:00:00",Male,Chemistry,Chemistry,Non-Military,Non-military,0,0,0,0,"No missions",NULL,NULL,Cardiff,,Wales,"University College at Cardiff",
"Paul S. Lockhart",1996,16,Retired,"2056-04-28 00:00:00",Male,Mathematics,"Aerospace Engineering",Colonel,"US Air Force (Retired)",2,663,0,0,"STS-111 (Endeavor), STS-113 (Endeavor)",NULL,NULL,Amarillo,TX,USA,"Texas Tech University","University of Texas"
"Michael E. Lopez-Alegria",1992,14,Retired,"2058-05-30 00:00:00",Male,"Systems Engineering","Aeronautical Engineering",Captain,"US Navy (Retired)",3,6190,10,67,"STS-73 (Columbia), STS-92 (Discovery), STS-113 (Endeavor), ISS-14 (Soyuz)",NULL,NULL,Madrid,,Spain,"US Naval Academy","US Naval Postgraduate School"
"Christopher J. Loria",1996,16,Retired,"2060-07-09 00:00:00",Male,Engineering,"Public Administration",Colonel,"US Marine Corps (Retired)",0,0,0,0,"No missions",NULL,NULL,Belmont,MA,USA,"US Naval Academy","Harvard University"
"J. Mike Lounge",1980,9,Deceased,"2046-06-28 00:00:00",Male,"Mathematics & Physics",Astrogeophysics,Non-Military,Non-military,3,483,0,0,"STS 51-I (Discovery), STS-26 (Discovery), STS-35 (Columbia)",3/1/11,NULL,Denver,CO,USA,"US Naval Academy","University of Colorado"
"Jack R. Lousma",1966,5,Retired,"2036-02-29 00:00:00",Male,"Aeronautical Engineering","Aeronautical Engineering",Colonel,"US Marine Corps (Retired)",2,1619,2,11,"Skylab 3, STS-3 (Columbia)",NULL,NULL,"Grand Rapids",MI,USA,"University of Michigan","US Naval Postgraduate School"
"Stanley G. Love",1998,17,Management,"2065-06-08 00:00:00",Male,Physics,Astronomy,Non-Military,Non-military,1,306,2,15,"STS-122 (Atlantis)",NULL,NULL,"San Diego",CA,USA,"Harvey Mudd College","University of Washington"
"James A. Lovell Jr. ",1962,2,Retired,"2028-03-25 00:00:00",Male,NULL,NULL,Captain,"US Navy (Retired)",4,715,0,0,"Gemini 7, Gemini 12, Apollo 8, Apollo 13",NULL,NULL,Cleveland,OH,USA,"US Naval Academy",
"G. David Low",1984,10,Deceased,"2056-02-19 00:00:00",Male,"Physics & Engineering","Mechanical Engineering; Aeronautics & Astronautics",Non-Military,Non-military,3,714,1,6,"STS-32 (Columbia), STS-43 (Atlantis), STS-57 (Endeavor)",3/15/08,NULL,Cleveland,OH,USA,"Washington & Lee University","Cornell University; Stanford University"
"Edward T. Lu",1995,15,Retired,"2063-07-01 00:00:00",Male,"Electrical Engineering","Applied Physics",Non-Military,Non-military,3,4962,1,6,"STS-84 (Atlantis), STS-106 (Atlantis), ISS-07 (Soyuz)",NULL,NULL,Springfield,MA,USA,"Cornell University","Stanford University"
"Shannon W. Lucid",1978,8,Retired,"2043-01-14 00:00:00",Female,Chemistry,Biochemistry,Non-Military,Non-military,5,5354,0,0,"STS 51-G (Discovery), STS-34 (Atlantis), STS-43 (Atlantis), STS-58 (Columbia), STS-76,79 (Atlantis)",NULL,NULL,Shanghai,,China,"University of Oklahoma",
"Sandra H. Magnus",1996,16,Retired,"2064-10-30 00:00:00",Female,Physics,"Electrical Engineering; Materials Science & Engineering",Non-Military,Non-military,3,3776,0,0,"STS-112 (Atlantis), STS-126,119 (Endeavor,Discovery), STS-135 (Atlantis)",NULL,NULL,Belleville,IL,USA,"University of Missouri-Rolla","Georgia Institute of Technology"
"Thomas H. Marshburn",2004,19,Active,"2060-08-29 00:00:00",Male,Physics,"Engineering Physics; Medicine; Medical Science",Non-Military,Non-military,2,3871,4,24,"STS-127 (Endeavor), ISS-34,35 (Soyuz)",NULL,NULL,Statesville,NC,USA,"Davidson College","University of Virginia; Wake Forest University; University of Texas Medical Branch-Galveston"
"Michael J. Massimino",1996,16,Management,"2062-08-19 00:00:00",Male,"Industrial Engineering","Technology & Policy; Mechanical Engineering",Non-Military,Non-military,2,571,4,30,"STS-109 (Columbia), STS-125 (Atlantis)",NULL,NULL,Oceanside,NY,USA,"Columbia University",MIT
"Richard A. Mastracchio",1996,16,Active,"2060-02-11 00:00:00",Male,"Electrical Engineering; Computer Science","Electrical Engineering; Physical Sciences",Non-Military,Non-military,4,5461,9,53,"STS-106 (Atlantis), STS-118 (Endeavor), STS-131 (Discovery), ISS-38,39 (Soyuz)",NULL,NULL,Waterbury,CT,USA,"University of Connecticut","Rensselaer Polytechnic Institute; University of Houston-Clear Lake"
"Thomas K. Mattingly II ",1966,5,Retired,"2036-03-17 00:00:00",Male,"Aeronautical Engineering",NULL,"Rear Admiral","US Navy (Retired)",3,508,1,1,"Apollo 16, STS-4 (Columbia), STS 51-C (Discovery)",NULL,NULL,Chicago,IL,USA,"Auburn University",
"K. Megan McArthur",2000,18,Active,"1971-08-30 00:00:00",Female,"Aerospace Engineering",Oceanography,Non-Military,Non-military,1,309,0,0,"STS-125 (Atlantis)",NULL,NULL,Honolulu,HI,USA,"University of California-Los Angeles","University of California-San Diego"
"William S. McArthur Jr. ",1990,3,Management,"2051-07-26 00:00:00",Male,"Applied Science & Engineering","Aerospace Engineering",Colonel,"US Army (Retired)",4,5398,4,24,"STS-58 (Columbia), STS-74 (Atlantis), STS-92 (Discovery), ISS-12 (Soyuz)",NULL,NULL,Laurinburg,NC,USA,"US Military Academy","Georgia Institute of Technology"
"S. Christa McAuliffe",NULL,NULL,Deceased,"2048-09-02 00:00:00",Female,Education,Education,Non-Military,Non-military,1,0,0,0,"STS 51-L (Challenger)",1/28/86,"STS 51-L (Challenger)",Boston,MA,USA,"Framingham State College","Bowie State College"
"Jon A. McBride",1978,8,Retired,"2043-08-14 00:00:00",Male,"Aeronautical Engineering",NULL,Captain,"US Navy (Retired)",1,197,0,0,"STS 41-G (Challenger)",NULL,NULL,Charleston,WV,USA,"US Naval Postgraduate School",
"Bruce McCandless II ",1966,5,Retired,"2037-06-08 00:00:00",Male,NULL,"Electrical Engineering; Business Administration",Captain,"US Navy (Retired)",2,312,2,12,"STS 41-B (Challenger), STS-31 (Discovery)",NULL,NULL,Boston,MA,USA,"US Naval Academy","Stanford University; University of Houston-Clear Lake"
"William C. McCool",1996,16,Deceased,"2061-09-23 00:00:00",Male,"Naval Sciences","Computer Science; Aeronautical Engineering",Commander,"US Navy",1,382,0,0,"STS-107 (Columbia)",2/1/03,"STS-107 (Columbia)","San Diego",CA,USA,"US Naval Academy","University of Maryland; US Naval Postgraduate School"
"Michael J. McCulley",1984,10,Retired,"2043-08-04 00:00:00",Male,"Metallurgical Engineering","Metallurgical Engineering",Captain,"US Navy (Retired)",1,119,0,0,"STS-34 (Atlantis)",NULL,NULL,"San Diego",CA,USA,"Purdue University",
"James A. McDivitt",1984,2,Retired,"2029-06-10 00:00:00",Male,"Astronautical Engineering",NULL,"Brigadier General","US Air Force (Retired)",2,338,0,0,"Gemini 4, Apollo 9",NULL,NULL,Chicago,IL,USA,"University of Michigan",
"Donald R. McMonagle",1987,12,Retired,"2052-05-14 00:00:00",Male,"Astronautical Engineering","Mechanical  Engineering",Colonel,"US Air Force (Retired)",3,605,0,0,"STS-39 (Discovery), STS-54 (Endeavor), STS-66 (Atlantis)",NULL,NULL,Flint,MI,USA,"US Air Force Academy","California State University-Fresno"
"Ronald E. McNair",1978,8,Deceased,"2050-10-21 00:00:00",Male,Physics,Physics,Non-Military,Non-military,2,191,0,0,"STS 41-B (Challenger), STS 51-L (Challenger)",1/28/86,"STS 51-L (Challenger)","Lake City",SC,USA,"North Carolina A&T State College",MIT
"Carl J. Meade",1985,11,Retired,"2050-11-16 00:00:00",Male,"Electronics Engineering","Electronics Engineering",Colonel,"US Air Force (Retired)",3,712,1,6,"STS-38 (Atlantis), STS-50 (Columbia), STS-64 (Discovery)",NULL,NULL,"Chanute Air Force Base",IL,USA,"University of Texas","California Institute of Technology"
"Bruce E. Melnick",1987,12,Retired,"2049-12-05 00:00:00",Male,Engineering,"Aeronautical Systems",Commander,"US Coast Guard (Retired)",2,311,0,0,"STS-41 (Discovery), STS-49 (Endeavor)",NULL,NULL,"New York",NY,USA,"US Coast Guard Academy","West Florida University"
"Pamela A. Melroy",1995,15,Retired,"2061-09-17 00:00:00",Female,"Physics & Astronomy","Earth & Planetary Sciences",Colonel,"US Air Force (Retired)",3,914,0,0,"STS-92 (Discovery), STS-112 (Atlantis), STS-120 (Discovery)",NULL,NULL,"Palo Alto",CA,USA,"Wellesley College",MIT
"Leland D. Melvin",1998,17,Management,"2064-02-15 00:00:00",Male,Chemistry,"Materials Science Engineering",Non-Military,Non-military,2,565,0,0,"STS-122 (Atlantis), STS-129 (Atlantis)",NULL,NULL,Lynchburg,VA,USA,"University of Richmond","University of Virginia"
"Dorothy M. Metcalf-Lindenberger",2004,19,Active,"1975-05-02 00:00:00",Female,Geology,NULL,Non-Military,Non-military,1,362,0,0,"STS-131 (Discovery)",NULL,NULL,"Colorado Springs",CO,USA,"Whitman College",
"F. Curtis Michel",1965,4,Retired,"2034-06-05 00:00:00",Male,Physics,Physics,Non-Military,Non-military,0,0,0,0,"No missions",NULL,NULL,LaCrosse,WI,USA,"California Institute of Technology",
"Edgar D. Mitchell",1966,5,Retired,"2030-09-17 00:00:00",Male,"Industrial Management","Aeronautical Engineering; Aeronautics & Astronautics",Captain,"US Navy (Retired)",1,216,2,9,"Apollo 14",NULL,NULL,Hereford,TX,USA,"Carnegie-Mellon University","US Naval Postgraduate School; MIT"
"Barbara R. Morgan",1998,17,Retired,"2051-11-28 00:00:00",Female,"Human Biology",NULL,Non-Military,Non-military,1,305,0,0,"STS-118 (Endeavor)",NULL,NULL,Fresno,CA,USA,"Stanford University",
"Lee M. Morin",1996,16,Management,"2052-09-09 00:00:00",Male,"Mathematical & Electrical Science","Public Health; Biochemistry; Medicine; Microbiology",Captain,"US Navy",1,259,2,14,"STS-110 (Atlantis)",NULL,NULL,Manchester,NH,USA,"University of New Hampshire","University of Alabama-Birmingham; New York University"
"Richard M. Mullane",1978,8,Retired,"2045-09-10 00:00:00",Male,"Military Engineering","Aeronautical Engineering",Colonel,"US Air Force (Retired)",3,356,0,0,"STS 41-D (Discovery), STS-27 (Atlantis), STS-36 (Atlantis)",NULL,NULL,"Wichita Falls",TX,USA,"US Military Academy","US Air Force Institute of Technology"
"Story Musgrave",1967,6,Retired,"2035-08-19 00:00:00",Male,"Mathematics & Statistics; Chemistry","Business Administration; Physiology; Literature; Medicine",Non-Military,Non-military,6,1281,4,26,"STS-6 (Challenger), STS 51-F (Challenger), STS-33 (Discovery), STS-44 (Atlantis), STS-61 (Endeavor), STS-80 (Columbia)",NULL,NULL,Boston,MA,USA,"Syracuse University","Marietta College; University of California-Los Angeles; University of Kentucky; University of Houston; Columbia University"
"Steven R. Nagel",1978,8,Retired,"2046-10-27 00:00:00",Male,"Aerospace Engineering","Mechanical  Engineering",Colonel,"US Air Force (Retired)",4,721,0,0,"STS 51-G (Discovery), STS 61-A (Challenger), STS-37 (Atlantis), STS-55 (Columbia)",NULL,NULL,Canton,IL,USA,"University of Illinois","California State University-Fresno"
"Bill Nelson",NULL,NULL,Retired,"2042-09-29 00:00:00",Male,NULL,Law,Captain,"US Army (Retired)",1,146,0,0,"STS 61-C (Columbia)",NULL,NULL,Miami,FL,USA,"Yale University","University of Virginia"
"George D. Nelson",1978,8,Retired,"2050-07-13 00:00:00",Male,Physics,Astronomy,Non-Military,Non-military,3,411,2,10,"STS 41-C (Challenger), STS 61-C (Columbia), STS-26 (Discovery)",NULL,NULL,"Charles City",IA,USA,"Harvey Mudd College","University of Washington"
"James H. Newman",1990,13,Retired,"2056-10-16 00:00:00",Male,Physics,Physics,Non-Military,Non-military,4,1042,6,43,"STS-51 (Discovery), STS-69 (Endeavor), STS-88 (Endeavor), STS- 109 (Columbia)",NULL,NULL,"San Diego",CA,USA,"Dartmouth College","Rice University"
"Carlos I. Noriega",1995,15,Retired,"2059-10-08 00:00:00",Male,"Computer Science","Computer Science; Space Systems Operations","Lieutenant Colonel","US Marine Corps (Retired)",2,481,3,19,"STS-84 (Atlantis), STS-97 (Endeavor)",NULL,NULL,Lima,,Peru,"University of Southern California","US Naval Postgraduate School"
"Lisa M. Nowak",1996,16,Retired,"2063-05-10 00:00:00",Female,"Aerospace Engineering","Aeronautical Engineering",Captain,"US Navy (Retired)",1,306,0,0,"STS-121 (Discovery)",NULL,NULL,Washington,DC,USA,"US Naval Academy","US Naval Postgraduate School"
"Karen L. Nyberg",2000,18,Active,"1969-10-07 00:00:00",Female,"Mechanical Engineering","Mechanical Engineering",Non-Military,Non-military,2,4320,0,0,"STS-124 (Discovery), ISS-36,37 (Soyuz)",NULL,NULL,"Parker’s Prairie",MN,USA,"University of North Dakota","University of Texas"
"Bryan D. O'Connor",1980,9,Retired,"2046-09-06 00:00:00",Male,Engineering,"Aeronautical Systems",Colonel,"US Marine Corps (Retired)",2,383,0,0,"STS 61-B (Atlantis), STS-40 (Columbia)",NULL,NULL,Orange,CA,USA,"US Naval Academy","West Florida University"
"Brian T. O'Leary",1967,6,Deceased,"2040-01-27 00:00:00",Male,Physics,Astronomy,Non-Military,Non-military,0,0,0,0,"No missions",7/28/11,NULL,Boston,MA,USA,"Williams College","Georgetown University; University of California-Berkeley"
"Ellen Ochoa",1990,13,Management,"2058-05-10 00:00:00",Female,Physics,"Electrical Engineering",Non-Military,Non-military,4,979,0,0,"STS-56 (Discovery), STS-66 (Atlantis), STS-96 (Discovery), STS-110 (Atlantis)",NULL,NULL,"Los Angeles",CA,USA,"San Diego State University","Stanford University"
"William A. Oefelein",1998,17,Retired,"2065-03-29 00:00:00",Male,"Electrical Engineering","Aviation Systems",Commander,"US Navy (Retired)",1,308,0,0,"STS-116 (Discovery)",NULL,NULL,"Ft. Belvoir",VA,USA,"Oregon State University","University of Tennessee"
"John D. Olivas",1998,17,Retired,"2066-05-25 00:00:00",Male,"Mechanical Engineering","Mechanical  Engineering; Mechanical  Engineering & Materials Science",Non-Military,Non-military,2,665,5,34,"STS-117 (Atlantis), STS-128 (Discovery)",NULL,NULL,"North Hollywood",CA,USA,"University of Texas-El Paso","University of Houston; Rice University"
"Ellison S. Onizuka",1978,8,Deceased,"2046-06-24 00:00:00",Male,"Aerospace Engineering","Aerospace Engineering","Lieutenant Colonel","US Air Force",2,73,0,0,"STS 51-C (Discovery), STS 51-L (Challenger)",1/28/86,"STS 51-L (Challenger)",Kealakekua,HI,USA,"University of Colorado",
"Stephen S. Oswald",1985,11,Retired,"2051-06-30 00:00:00",Male,"Aerospace Engineering",NULL,Non-Military,Non-military,3,814,0,0,"STS-42 (Discovery), STS-56 (Discovery), STS-67 (Endeavor)",NULL,NULL,Seattle,WA,USA,"US Naval Academy",
"Robert F. Overmyer",1969,7,Deceased,"2036-07-14 00:00:00",Male,Physics,Aeronautics,Colonel,"US Marine Corps (Retired)",2,290,0,0,"STS-5 (Columbia), STS 51-B (Challenger)",3/22/96,NULL,Lorain,OH,USA,"Baldwin Wallace College","US Naval Postgraduate School"
"William A. Pailes",NULL,NULL,Retired,"2052-06-26 00:00:00",Male,"Computer Science","Computer Science",Colonel,"US Air Force (Retired)",1,97,0,0,"STS 51-J (Atlantis)",NULL,NULL,Hackensack,NJ,USA,"US Air Force Academy","Texas A&M University"
"Scott E. Parazynski",1992,14,Retired,"2061-07-28 00:00:00",Male,Biology,Medicine,Non-Military,Non-military,5,1404,7,47,"STS-66 (Atlantis), STS-86 (Atlantis), STS-95 (Discovery), STS-100 (Endeavor), STS-120 (Discovery)",NULL,NULL,"Little Rock",AR,USA,"Stanford University",
"Ronald A. Parise",NULL,NULL,Deceased,"2051-05-24 00:00:00",Male,Physics,Astronomy,Non-Military,Non-military,2,614,0,0,"STS-35 (Columbia), STS-67 (Endeavor)",5/9/08,NULL,Warren,OH,USA,"Youngstown State University","University of Florida"
"Robert A. Parker",1967,6,Retired,"2036-12-14 00:00:00",Male,"Physics & Astronomy",Astronomy,Non-Military,Non-military,2,462,0,0,"STS-9 (Columbia), STS-35 (Columbia)",NULL,NULL,"New York",NY,USA,"Amherst College","California Institute of Technology"
"Niclolas J. M. Patrick",1998,17,Retired,"2064-03-22 00:00:00",Male,Engineering,"Engineering; Mechanical Engineering",Non-Military,Non-military,2,638,3,18,"STS-116 (Discovery), STS-130 (Endeavor)",NULL,NULL,"North Yorkshire",,England,"University of Cambridge",MIT
"James A. Pawelczyk",NULL,NULL,Retired,"2060-09-20 00:00:00",Male,"Biology & Psychology","Physiology; Biology",Non-Military,Non-military,1,381,0,0,"STS-90 (Columbia)",NULL,NULL,Buffalo,NY,USA,"University of Rochester","Pennsylvania State University; University of North Texas"
"Gary E. Payton",NULL,NULL,Retired,"2048-06-20 00:00:00",Male,"Astronautical Engineering","Astronautical & Aeronautical Engineering",Major,"US Air Force",1,73,0,0,"STS 51-C (Discovery)",NULL,NULL,"Rock Island",IL,USA,"US Air Force Academy","Purdue University"
"Donald H. Peterson",1969,7,Retired,"2033-10-22 00:00:00",Male,NULL,"Nuclear Engineering",Colonel,"US Air Force (Retired)",1,120,1,4,"STS-6 (Challenger)",NULL,NULL,Winona,MS,USA,"US Military Academy","US Air Force Institute of Technology"
"Donald R. Pettit",1996,16,Active,"2055-04-20 00:00:00",Male,"Chemical Engineering","Chemical Engineering",Non-Military,Non-military,3,8872,2,13,"ISS-6 (Soyuz), STS-126 (Endeavor), ISS-30,31 (Soyuz)",NULL,NULL,Silverton,OR,USA,"Oregon State University","University of Arizona"
"John L. Phillips",1996,16,Retired,"2051-04-15 00:00:00",Male,"Mathematics; Russian","Aeronautical Systems; Geophysics & Space Physics",Captain,"US Naval Reserves (Retired)",3,4880,1,5,"STS-100 (Endeavor), ISS-11 (Soyuz), STS-119 (Discovery)",NULL,NULL,"Ft. Belvoir",VA,USA,"US Naval Academy","University of West Florida; University of California-Los Angeles"
"William R. Pogue",1966,5,Retired,"2030-01-23 00:00:00",Male,Education,Mathematics,Colonel,"US Air Force (Retired)",1,2017,2,13,"Skylab 4",NULL,NULL,Okemah,OK,USA,"Oklahoma Baptist University","Oklahoma State University"
"Alan G. Poindexter",1998,17,Deceased,"2061-11-05 00:00:00",Male,"Aerospace Engineering","Aeronautical Engineering",Captain,"US Navy",2,669,0,0,"STS-122 (Atlantis), STS-131 (Discovery)",7/1/12,NULL,Pasadena,CA,USA,"Georgia Institute of Technology","US Naval Postgraduate School"
"Mark L. Polansky",1996,16,Retired,"2056-06-02 00:00:00",Male,"Aeronautical & Astronautical Engineering","Aeronautical & Astronautical Engineering",Non-Military,Non-military,3,995,0,0,"STS-98 (Atlantis), ST-116 (Discovery), STS-127 (Endeavor)",NULL,NULL,Paterson,NJ,USA,"Purdue University",
"Charles J. Precourt",1990,13,Retired,"2055-06-29 00:00:00",Male,"Aeronautical Engineering","Engineering Management; Strategic Studies",Colonel,"US Air Force (Retired)",4,950,0,0,"STS-55 (Columbia), STS-71 (Atlantis), STS-84 (Atlantis), STS-91 (Discovery)",NULL,NULL,Waltham,MA,USA,"US Air Force Academy","Golden Gate University; US Naval War College"
"William F. Readdy",1987,12,Retired,"2052-01-24 00:00:00",Male,"Aerospace Engineering",NULL,Captain,"US Navy (Retired)",3,672,0,0,"STS-42 (Discovery), STS-51 (Discovery), STS-79 (Atlantis)",NULL,NULL,"Quonset Point",RI,USA,"US Naval Academy",
"Kenneth S. Reightler Jr. ",1987,12,Retired,"2051-03-24 00:00:00",Male,"Aerospace Engineering","Aeronautical Engineering; Systems Management",Captain,"US Navy (Retired)",2,327,0,0,"STS-48 (Discovery), STS-60 (Discovery)",NULL,NULL,"Patuxent River",MD,USA,"US Naval Academy","US Naval Postgraduate School; University of Southern California"
"James F. Reilly II ",1995,15,Retired,"2054-03-18 00:00:00",Male,Geosciences,Geosciences,Non-Military,Non-military,3,854,5,31,"STS-89 (Endeavor), STS-104 (Atlantis), STS-117 (Atlantis)",NULL,NULL,"Mountain Home Air Force Base",ID,USA,"University of Texas-Dallas",
"Garrett E. Reisman",1998,17,Retired,"2068-02-10 00:00:00",Male,Economics,"Mechanical  Engineering",Non-Military,Non-military,2,2571,3,21,"STS-123,124 (Endeavor,Discovery), STS-132 (Atlantis)",NULL,NULL,Morristown,NJ,USA,"University of Pennsylvania","California Institute of Technology"
"Judith A. Resnik",1978,8,Deceased,"2049-04-05 00:00:00",Female,"Electrical Engineering","Electrical Engineering",Non-Military,Non-military,2,144,0,0,"STS 41-D (Discovery), STS 51-L (Challenger)",1/28/86,"STS 51-L (Challenger)",Akron,OH,USA,"Carnegie-Mellon University","University of Maryland"
"Paul W. Richards",1996,16,Management,"2064-05-20 00:00:00",Male,"Mechanical Engineering","Mechanical Engineering",Non-Military,Non-military,1,307,1,6,"STS-102 (Discovery)",NULL,NULL,Scranton,PA,USA,"Drexel University","University of Maryland"
"Richard N. Richards",1980,9,Retired,"2046-08-24 00:00:00",Male,"Chemical Engineering","Aeronautical Systems",Captain,"US Navy (Retired)",4,813,0,0,"STS-28 (Columbia), STS-41 (Discovery), STS-50 (Columbia), STS-64 (Discovery)",NULL,NULL,"Key West",FL,USA,"University of Missouri","University of West Florida"
"Sally K. Ride",1978,8,Deceased,"2051-05-26 00:00:00",Female,"Physics; English",Physics,Non-Military,Non-military,2,343,0,0,"STS-7 (Challenger), STS 41-G (Challenger)",7/23/12,NULL,"Los Angeles",CA,USA,"Stanford University",
"Patricia Hilliard Robertson",1998,17,Deceased,"2063-03-12 00:00:00",Female,Biology,Medicine,Non-Military,Non-military,0,0,0,0,"No missions",5/24/01,NULL,Indiana,PA,USA,"Indiana University of Pennsylvania","Medical College of Pennsylvania"
"Stephen K. Robinson",1995,15,Retired,"2055-10-26 00:00:00",Male,"Mechanical & Aeronautical Engineering","Mechanical  Engineering",Non-Military,Non-military,4,1162,3,20,"STS-85 (Discovery), STS-95 (Discovery), STS-114 (Discovery), STS-130 (Endeavor)",NULL,NULL,Sacramento,CA,USA,"University of California-Davis","Stanford University"
"Kent V. Rominger",1992,14,Retired,"2056-08-07 00:00:00",Male,"Civil Engineering","Aeronautical Engineering",Captain,"US Navy (Retired)",5,1611,0,0,"STS-73 (Columbia), STS-80 (Columbia), STS-85 (Discovery), STS-96 (Discovery), STS-100 (Endeavor)",NULL,NULL,"Del Norte",CO,USA,"Colorado State University","US Naval Postgraduate School"
"Stuart A. Roosa",1966,5,Deceased,"2033-08-16 00:00:00",Male,"Aeronautical Engineering",NULL,Colonel,"US Air Force (Retired)",1,216,0,0,"Apollo 14",12/12/94,NULL,Durango,CO,USA,"University of Colorado",
"Jerry L. Ross",1980,9,Retired,"2048-01-20 00:00:00",Male,"Mechanical Engineering","Mechanical Engineering",Colonel,"US Air Force (Retired)",7,1393,9,58,"ST 61-B (Atlantis), ST-27 (Atlantis), ST-37 (Atlantis), STS-55 (Columbia), STS-74 (Atlantis), STS-88 (Endeavor), STS-110 (Atlantis)",NULL,NULL,"Crown Point",IN,USA,"Purdue University",
"Kathleen Rubins",2009,20,Active,"1978-10-14 00:00:00",Female,"Molecular Biology","Cancer Biology",Non-Military,Non-military,1,2762,2,13,"ISS-48,49 (Soyuz)",NULL,NULL,Farmington,CT,USA,"University of California-San Diego","Stanford University"
"Mario Runco Jr. ",1987,12,Management,"2052-01-26 00:00:00",Male,"Earth & Planetary Science","Atmospheric Physics","Lieutenant Commander","US Navy (Retired)",3,551,0,0,"STS-44 (Atlantis), STS-54 (Endeavor), STS-77 (Endeavor)",4/23/01,NULL,Bronx,NY,USA,"City College of New York","Rutgers University"
"Albert Sacco Jr.",NULL,NULL,Retired,"2049-05-03 00:00:00",Male,"Chemical Engineering","Chemical Engineering",Non-Military,Non-military,1,381,0,0,"STS-73 (Columbia)",NULL,NULL,Boston,MA,USA,"Northeastern University",MIT
"Robert L. Satcher Jr. ",2004,19,Retired,"2065-09-22 00:00:00",Male,"Chemical Engineering","Chemical Engineering; Medicine",Non-Military,Non-military,1,259,2,12,"STS-129 (Atlantis)",NULL,NULL,Hampton,VA,USA,MIT,"Harvard University"
"Walter M. Schirra Jr. ",1959,1,Deceased,"2023-03-12 00:00:00",Male,"Naval Sciences",NULL,Captain,"US Navy (Retired)",3,295,0,0,"Mercury 8, Gemini 6, Apollo 7",5/2/07,NULL,Hackensack,NJ,USA,"US Naval Academy",
"Harrison H. Schmitt",1965,4,Retired,"2035-07-03 00:00:00",Male,Geology,Geology,Non-Military,Non-military,1,301,3,22,"Apollo 17",NULL,NULL,"Santa Rita",NM,USA,"California Institute of Technology","Harvard University"
"Russell L. Schweickart",1963,3,Retired,"2035-10-25 00:00:00",Male,"Aeronautics & Astronautics","Aeronautics & Astronautics",Non-Military,Non-military,1,241,1,1,"Apollo 9",NULL,NULL,Neptune,NJ,USA,MIT,
"Francis R. Scobee",1978,8,Deceased,"2039-05-19 00:00:00",Male,"Aerospace Engineering",NULL,Major,"US Air Force (Retired)",2,167,0,0,"STS 41-C (Challenger), STS 51-L (Challenger)",1/28/86,"STS 51-L (Challenger)","Cle Elum",WA,USA,"University of Arizona",
"David R. Scott",1963,3,Retired,"2032-06-06 00:00:00",Male,NULL,"Aeronautics & Astronautics",Colonel,"US Air Force (Retired)",3,546,4,19,"Gemini 8, Apollo 9, Apollo 15",NULL,NULL,"San Antonio",TX,USA,"US Military Academy",MIT
"Winston E. Scott",1992,14,Retired,"2050-08-06 00:00:00",Male,Music,"Aeronautical Engineering",Captain,"US Navy (Retired)",2,590,3,19,"STS-72 (Endeavor), STS-87 (Columbia)",NULL,NULL,Miami,FL,USA,"Florida State University","US Naval Postgraduate School"
"Paul D. Scully-Power",NULL,NULL,Retired,"2044-05-28 00:00:00",Male,"Applied Mathematics",NULL,Non-Military,Non-military,1,197,0,0,"STS 41-G (Challenger)",NULL,NULL,Sydney,,Australia,"University of Sydney",
"Richard A. Searfoss",1990,13,Retired,"2056-06-05 00:00:00",Male,"Aeronautical Engineering",Aeronautics,Colonel,"US Air Force (Retired)",3,939,0,0,"STS-58 (Columbia), STS-76 (Atlantis), STS-90 (Columbia)",NULL,NULL,"Mount Clemens",MI,USA,"US Air Force Academy","California Institute of Technology"
"Margaret Rhea Seddon",1978,8,Retired,"2047-11-08 00:00:00",Female,Physiology,Medicine,Non-Military,Non-military,3,722,0,0,"STS 51-D (Discovery), STS-40 (Columbia), STS-58 (Columbia)",NULL,NULL,Murfreesboro,TN,USA,"University of California-Berkeley","University of Tennessee"
"Elliot M. See Jr. ",1962,2,Deceased,"2027-07-23 00:00:00",Male,NULL,Engineering,Non-Military,Non-military,0,0,0,0,"No missions",2/28/66,NULL,Dallas,TX,USA,"US Merchant Marine Academy","University of California-Los Angeles"
"Ronald M. Sega",1990,13,Retired,"2052-12-04 00:00:00",Male,"Physics & Mathematics","Physics; Electrical Engineering",Colonel,"US Air Force Reserves (Retired)",2,420,0,0,"STS-60 (Discovery), STS-76 (Atlantis)",NULL,NULL,Cleveland,OH,USA,"US Air Force Academy","Ohio State University; University of Colorado"
"Piers J. Sellers",1996,16,Management,"2055-04-11 00:00:00",Male,"Ecological Science",Biometeorology,Non-Military,Non-military,3,839,6,41,"STS-112 (Atlantis), STS-121 (Discovery), STS-132 (Atlantis)",NULL,NULL,Crowborough,,England,"University of Edinburgh","Leeds University"
"Brewster H. Shaw Jr. ",1978,8,Retired,"2045-05-16 00:00:00",Male,"Engineering Mechanics","Engineering Mechanics",Colonel,"US Air Force (Retired)",3,533,0,0,"STS-9 (Columbia), STS 61-B (Atlantis), STS-28 (Columbia)",NULL,NULL,"Cass City",MI,USA,"University of Wisconsin",
"Alan B. Shepard Jr. ",1959,1,Deceased,"2023-11-18 00:00:00",Male,"Naval Sciences",NULL,"Rear Admiral","US Navy (Retired)",2,216,2,9,"Mercury 3, Apollo 14",7/21/98,NULL,"East Derry",NH,USA,"US Naval Academy",
"William M. Shepherd",1984,10,Retired,"2049-07-26 00:00:00",Male,"Aerospace Engineering","Mechanical  Engineering",Captain,"US Navy (Retired)",4,3823,0,0,"STS-37 (Atlantis), STS-41 (Discovery), STS-52 (Columbia), ISS-01,STS-102 (Soyuz,Discovery)",NULL,NULL,"Oak Ridge",TN,USA,"US Naval Academy",MIT
"Loren J. Shriver",1978,8,Retired,"2044-09-23 00:00:00",Male,"Aeronautical Engineering","Astronautical Engineering",Colonel,"US Air Force (Retired)",3,386,0,0,"STS 51-C (Discovery), STS-31 (Discovery), STS-46 (Atlantis)",NULL,NULL,Jefferson,IA,USA,"US Air Force Academy","Purdue University"
"Donald K. Slayton",1959,1,Deceased,"2024-03-01 00:00:00",Male,"Aeronautical Engineering",NULL,Major,"US Air Force Reserves",1,217,0,0,"Apollo-Soyuz Test Project",6/13/93,NULL,Sparta,WI,USA,"University of Minnesota",
"Michael J. Smith",1980,9,Deceased,"2045-04-30 00:00:00",Male,"Naval Sciences","Aeronautical Engineering",Captain,"US Navy",1,0,0,0,"STS 51-L (Challenger)",1/28/86,"STS 51-L (Challenger)",Beaufort,NC,USA,"US Naval Academy","US Naval Postgraduate School"
"Steven L. Smith",1992,14,Management,"2058-12-30 00:00:00",Male,"Electrical Engineering","Electrical Engineering",Non-Military,Non-military,4,960,7,49,"STS-68 (Endeavor), STS-82 (Discovery), STS-103 (Discovery), STS-110 (Atlantis)",NULL,NULL,Phoenix,AZ,USA,"Stanford University",
"Sherwood C. Spring",1980,9,Retired,"2044-09-23 00:00:00",Male,Engineering,"Aerospace Engineering",Colonel,"US Army (Retired)",1,165,2,12,"STS 61-B (Atlantis)",NULL,NULL,Hartford,CT,USA,"US Military Academy","University of Arizona"
"Robert C. Springer",1980,9,Retired,"2042-05-21 00:00:00",Male,"Naval Sciences","Operations Research",Colonel,"US Marine Corps (Retired)",2,237,0,0,"STS-29 (Discovery), STS-38 (Atlantis)",NULL,NULL,"St. Louis",MO,USA,"US Naval Academy","US Naval Postgraduate School"
"Thomas P. Stafford",1962,2,Retired,"2030-09-17 00:00:00",Male,NULL,NULL,"Lieutenant General","US Air Force (Retired)",4,507,0,0,"Gemini 6, Gemini 9, Apollo 10, Apollo-Soyuz Test Project",NULL,NULL,Weatherford,OK,USA,"US Naval Academy",
"Heidemarie M. Stefanyshyn-Piper",1996,16,Retired,"2063-02-07 00:00:00",Female,"Mechanical Engineering",NULL,Captain,"US Navy",2,663,2,33,"STS-115 (Atlantis), STS-126 (Endeavor)",NULL,NULL,"St. Paul",MN,USA,MIT,
"Robert L. Stewart",1978,8,Retired,"2042-08-13 00:00:00",Male,Mathematics,"Aerospace Engineering","Brigadier General","US Army (Retired)",2,289,2,12,"STS 41-B (Challenger), STS 51-J (Atlantis)",NULL,NULL,Washington,DC,USA,"University of Southern Mississippi","University of Texas-Arlington"
"Nicole P. Stott",2000,18,Active,"2062-11-19 00:00:00",Female,"Aeronautical Engineering","Engineering Management",Non-Military,Non-military,2,2477,1,6,"STS-128,129 (Discovery,Atlantis), STS-133 (Discovery)",NULL,NULL,Albany,NY,USA,"Embry-Riddle Aeronautical University","University of Central Florida"
"Frederick W. Sturckow",1995,15,Retired,"2061-08-11 00:00:00",Male,"Mechanical Engineering",NULL,Colonel,"US Marine Corps (Retired)",4,1233,0,0,"STS-88 (Endeavor), STS-105 (Discovery), STS-117 (Atlantis), STS-128 (Discovery)",NULL,NULL,"La Mesa",CA,USA,"California Polytechnic State University",
"Kathryn D. Sullivan",1978,8,Retired,"2051-10-03 00:00:00",Female,"Earth Sciences","Earth Sciences; Geology",Non-Military,Non-military,3,532,1,3,"STS 41-G (Challenger), STS-31 (Discovery), STS-45 (Atlantis)",NULL,NULL,Patterson,NJ,USA,"University of California-Santa Cruz","Dalhousie University"
"Steven R. Swanson",1998,17,Active,"2060-12-03 00:00:00",Male,"Engineering Physics","Computer Systems; Computer Science",Non-Military,Non-military,3,4700,5,28,"STS-117 (Atlantis), STS-119 (Discovery), ISS-39,40 (Soyuz)",NULL,NULL,Syracuse,NY,USA,"University of Colorado","Florida Atlantic University; Texas A&M University"
"John L. Swigert Jr. ",1966,5,Deceased,"2031-08-30 00:00:00",Male,"Mechanical Engineering","Aerospace Science; Business Administration",Non-Military,Non-military,1,142,0,0,"Apollo 13",12/27/82,NULL,Denver,CO,USA,"University of Colorado","Rensselaer Polytechnic Institute; University of Hartford"
"Daniel M. Tani",1996,16,Retired,"2061-02-01 00:00:00",Male,"Mechanical Engineering","Mechanical Engineering",Non-Military,Non-military,2,3162,6,39,"STS-108 (Endeavor), STS-120,122 (Discovery,Atlantis)",NULL,NULL,"Ridley Park",PA,USA,MIT,
"Joseph R. Tanner",1992,14,Retired,"2050-01-21 00:00:00",Male,"Mechanical Engineering",NULL,Non-Military,Non-military,4,1045,7,46,"STS-66 (Atlantis), STS-82 (Discovery), STS-97 (Endeavor), STS-115 (Discovery)",NULL,NULL,Danville,IL,USA,"University of Illinois",
"Norman E. Thagard",1978,8,Retired,"2043-07-03 00:00:00",Male,"Engineering Science","Engineering Science; Medicine",Non-Military,Non-military,5,3373,0,0,"STS-7 (Challenger), STS 51-B (Challenger), STS-30 (Atlantis), STS-42 (Discovery), STS-71 (Soyuz,Atlantis)",NULL,NULL,Marianna,FL,USA,"Florida State University","University of Texas"
"Andrew S. W. Thomas",1992,14,Management,"2051-12-18 00:00:00",Male,"Mechanical Engineering","Mechanical Engineering",Non-Military,Non-military,4,4257,1,6,"STS-77 (Endeavor), STS-89,91 (Endeavor,Discovery), STS-102 (Discovery), STS-114 (Discovery)",NULL,NULL,Adelaide,,Australia,"University of Adelaide",
"Donald A. Thomas",1990,13,Retired,"2055-05-06 00:00:00",Male,Physics,"Materials Science",Non-Military,Non-military,4,1040,0,0,"STS-65 (Columbia), STS-70 (Discovery), STS-83 (Columbia), STS-94 (Columbia)",NULL,NULL,Cleveland,OH,USA,"Case Western Reserve University","Cornell University"
"Stephen D. Thorne",1985,11,Deceased,"2053-02-11 00:00:00",Male,Engineering,NULL,"Lieutenant Commander","US Navy",0,0,0,0,"No missions",5/24/86,NULL,Frankfurt,,"West Germany","US Naval Academy",
"Kathryn C. Thornton",1984,10,Retired,"2052-08-17 00:00:00",Female,Physics,Physics,Non-Military,Non-military,4,975,3,21,"STS-33 (Discovery), STS-49 (Endeavor), STS-61 (Endeavor), STS-73 (Columbia)",NULL,NULL,Montgomery,AL,USA,"Auburn University","University of Virginia"
"William E. Thornton",1967,6,Retired,"2029-04-14 00:00:00",Male,Physics,Medicine,Non-Military,Non-military,2,315,0,0,"STS-8 (Challenger), STS 51-B (Challenger)",NULL,NULL,Faison,NC,USA,"University of North Carolina",
"Pierre J. Thuot",1985,11,Retired,"2055-05-19 00:00:00",Male,Physics,"Systems Management",Commander,"US Navy",3,654,3,17,"STS-36 (Atlantis), STS-49 (Endeavor), STS-62 (Columbia)",NULL,NULL,Groton,CT,USA,"US Naval Academy","University of Southern California"
"Scott D. Tingle",2009,20,Active,"2065-07-19 00:00:00",Male,"Mechanical Engineering","Mechanical Engineering",Commander,"US Navy",0,0,0,0,"No missions",NULL,NULL,Attleboro,MA,USA,"Southeastern Massachusetts University","Purdue University"
"Richard H. Truly",1969,7,Retired,"2037-11-12 00:00:00",Male,"Aeronautical Engineering",NULL,"Vice Admiral","US Navy (Retired)",2,199,0,0,"STS-2 (Columbia), STS-8 (Challenger)",NULL,NULL,Fayette,MS,USA,"Georgia Institute of Technology",
"Lodewijk van den Berg",NULL,NULL,Retired,"2032-03-24 00:00:00",Male,"Chemical Engineering","Applied Science",Non-Military,Non-military,1,168,0,0,"STS 51-B (Challenger)",NULL,NULL,Sluiskil,,Netherlands,"Delft University of Technology","University of Delaware"
"James D. van Hoften",1978,8,Retired,"2044-06-11 00:00:00",Male,"Civil Engineering","Hydraulic Engineering; Fluid Mechanics",Non-Military,Non-military,2,338,4,22,"STS 41-C (Challenger), STS 51-I (Discovery)",NULL,NULL,Fresno,CA,USA,"University of California-Berkeley","Colorado State University"
"Mark T. Vande Hei",2009,20,Active,"2066-11-10 00:00:00",Male,Physics,"Applied Physics",Colonel,"US Army",0,0,0,0,"No missions",NULL,NULL,"Falls Church",VA,USA,"Saint John’s University","Stanford University"
"Charles Lacy Veach",1984,10,Deceased,"2044-09-18 00:00:00",Male,"Engineering Management",NULL,Non-Military,Non-military,2,436,0,0,"STS-39 (Discovery), STS-52 (Columbia)",10/3/95,NULL,Chicago,IL,USA,"US Air Force Academy",
"Terry W. Virts Jr. ",2000,18,Active,"2067-12-01 00:00:00",Male,Mathematics,Aeronautics,Colonel,"US Air Force",2,5122,3,18,"STS-130 (Endeavor), ISS-42,43 (Soyuz)",NULL,NULL,Baltimore,MD,USA,"US Air Force Academy","Embry-Riddle Aeronautical University"
"James S. Voss",1987,12,Retired,"2049-03-03 00:00:00",Male,"Aerospace Engineering","Aerospace Engineering Sciences",Colonel,"US Army (Retired)",5,4853,4,22,"STS-44 (Atlantis), STS-53 (Discovery), STS-69 (Endeavor), STS-101 (Atlantis), STS-102,105 (Discovery)",NULL,NULL,Cordova,AL,USA,"Auburn University","University of Colorado"
"Janice E. Voss",1990,13,Deceased,"2056-10-08 00:00:00",Female,"Engineering Science","Electrical Engineering; Aeronautics & Astronautics",Non-Military,Non-military,5,1179,0,0,"STS-57 (Endeavor), STS-63 (Discovery), STS-83 (Columbia), STS-94 (Columbia), STS-99 (Endeavor)",2/6/12,NULL,"South Bend",IN,USA,"Purdue University",MIT
"Rex J. Walheim",1996,16,Active,"2062-10-10 00:00:00",Male,"Mechanical Engineering","Industrial Engineering",Colonel,"US Air Force (Retired)",3,872,5,36,"STS-110 (Atlantis), STS-122 (Atlantis), STS-135 (Atlantis)",NULL,NULL,Redwood,CA,USA,"University of California-Berkeley","University of Houston"
"Charles D. Walker",NULL,NULL,Retired,"2048-08-29 00:00:00",Male,"Aeronautical & Astronautical Engineering",NULL,Non-Military,Non-military,3,477,0,0,"STS 41-D (Discovery), STS 51-D (Discovery), STS 61-B (Atlantis)",NULL,NULL,Bedford,IN,USA,"Purdue University",
"David M. Walker",1978,8,Deceased,"2044-05-20 00:00:00",Male,"Naval Sciences",NULL,Captain,"US Navy (Retired)",4,724,0,0,"STS 51-A (Discovery), STS-30 (Atlantis), STS-53 (Discovery), STS-69 (Endeavor)",4/23/01,NULL,Columbus,GA,USA,"US Naval Academy",
"Shannon Walker",2004,19,Active,"2065-06-04 00:00:00",Female,"Space Physics","Space Physics",Non-Military,Non-military,1,3919,0,0,"ISS-24,25 (Soyuz)",NULL,NULL,Houston,TX,USA,"Rice University",
"Carl E. Walz",1990,13,Retired,"2055-09-06 00:00:00",Male,Physics,"Solid State Physics",Colonel,"US Air Force",4,5533,3,19,"STS-51 (Discovery), STS-65 (Columbia), STS-79 (Atlantis), STS-108,111 (Endeavor)",NULL,NULL,Cleveland,OH,USA,"Kent State University","John Carroll University"
"Taylor G. Wang",NULL,NULL,Retired,"2040-06-16 00:00:00",Male,Physics,Physics,Non-Military,Non-military,1,168,0,0,"STS 51-B (Challenger)",NULL,NULL,Jiangxi,,China,"University of California at Los Angeles",
"Mary E. Weber",1992,14,Retired,"2062-08-24 00:00:00",Female,"Chemical Engineering","Physical Chemistry",Non-Military,Non-military,2,450,0,0,"STS-70 (Discovery), STS-101 (Atlantis)",NULL,NULL,Cleveland,OH,USA,"Purdue University","University of California-Berkeley"
"Paul J. Weitz",1966,5,Retired,"2032-06-25 00:00:00",Male,"Aeronautical Engineering","Aeronautical Engineering",Captain,"US Navy (Retired)",2,793,1,2,"Skylab 2, STS-6 (Challenger)",NULL,NULL,Erie,PA,USA,"Pennsylvania State University","US Naval Postgraduate School"
"James D. Wetherbee",1984,10,Retired,"2052-11-27 00:00:00",Male,"Aerospace Engineering",NULL,Captain,"US Navy (Retired)",6,1594,0,0,"STS-32 (Columbia), STS-52 (Columbia), STS-63 (Discovery), STS-86 (Atlantis), STS-102 (Discovery), STS-113 (Endeavor)",NULL,NULL,Flushing,NY,USA,"University of Notre Dame",
"Douglas H. Wheelock",1998,17,Active,"2060-05-05 00:00:00",Male,"Applied Science & Engineering","Aerospace Engineering",Colonel,"US Army",2,4281,6,43,"STS-120 (Discovery), ISS-24,25 (Soyuz)",NULL,NULL,Binghamton,NY,USA,"US Military Academy","Georgia Institute of Technology"
"Edward H. White II ",1962,2,Deceased,"2030-11-14 00:00:00",Male,NULL,"Aeronautical Engineering","Lieutenant Colonel","US Air Force",2,97,1,0.5,"Gemini 4, Apollo 1",1/27/67,"Apollo 1","San Antonio",TX,USA,"US Military Academy","University of Michigan"
"Peggy A. Whitson",1996,16,Active,"2060-02-09 00:00:00",Female,"Chemistry & Biology",Biochemistry,Non-Military,Non-military,3,11698,7,46,"STS-111,113 (Endeavor), ISS-16 (Soyuz), ISS-50,51 (Soyuz)",NULL,NULL,"Mt. Ayr",IA,USA,"Iowa Wesleyan College","Rice University"
"Terrence W. Wilcutt",1990,13,Management,"2049-10-31 00:00:00",Male,Mathematics,NULL,Non-Military,Non-military,4,1008,0,0,"STS-68 (Endeavor), STS-79 (Atlantis), STS-89 (Endeavor), STS-106 (Atlantis)",NULL,NULL,Russellville,KY,USA,"Western Kentucky University",
"Clifton C. Williams Jr. ",1963,3,Deceased,"2032-09-26 00:00:00",Male,"Mechanical Engineering",NULL,Major,"US Marine Corps",0,0,0,0,"No missions",10/5/67,NULL,Mobile,AL,USA,"Auburn University",
"Donald E. Williams",1978,8,Retired,"2058-02-13 00:00:00",Male,"Mechanical Engineering",NULL,Captain,"US Navy (Retired)",2,287,0,0,"STS 51-D (Discovery), STS-34 (Atlantis)",NULL,NULL,Lafayette,IN,USA,"Purdue University",
"Jeffrey N. Williams",1996,16,Active,"2058-01-18 00:00:00",Male,"Applied Science & Engineering","Aeronautical Engineering; National Security & Strategic Studies",Colonel,"US Army (Retired)",4,12818,5,32,"STS-101 (Atlantis), ISS-13 (Soyuz), ISS-21,22 (Soyuz), ISS-47,48 (Soyuz)",NULL,NULL,Superior,WI,USA,"US Military Academy","US Naval Postgraduate School; US Naval War College"
"Sunita L. Williams",1998,17,Active,"2065-09-19 00:00:00",Female,"Physical Science","Engineering Management",Captain,"US Navy",2,7721,7,50,"STS-116,117 (Discovery,Atlantis), ISS-32,33 (Soyuz)",NULL,NULL,Euclid,OH,USA,"US Naval Academy","Florida Institute of Technology"
"Barry E. Wilmore",2000,18,Active,"2062-12-29 00:00:00",Male,"Electrical Engineering","Electrical Engineering; Aviation Systems",Captain,"US Navy",2,4272,4,25,"STS-129 (Atlantis), ISS-41,42 (Soyuz)",NULL,NULL,Murfreesboro,TN,USA,"Tennessee Technological University","University of Tennessee"
"Stephanie D. Wilson",1996,16,Active,"2066-09-27 00:00:00",Female,"Engineering Science","Aerospace Engineering",Non-Military,Non-military,3,1031,0,0,"STS-121 (Discovery), STS-120 (Discovery), STS-131 (Discovery)",NULL,NULL,Boston,MA,USA,"Harvard University","University of Texas"
"G. Reid Wiseman",2009,20,Active,"1975-11-11 00:00:00",Male,"Computer & Systems Engineering","Systems Engineering",Commander,"US Navy",1,3968,2,13,"ISS-40,41 (Soyuz)",NULL,NULL,Baltimore,MD,USA,"Rensselaer Polytechnic Institute","Johns Hopkins University"
"Peter J. K. Wisoff",1990,13,Retired,"2058-08-16 00:00:00",Male,Physics,"Applied Physics",Non-Military,Non-military,4,1064,3,20,"STS-57 (Endeavor), STS-68 (Endeavor), STS-81 (Atlantis), STS-92 (Discovery)",NULL,NULL,Norfolk,VA,USA,"University of Virginia","Stanford University"
"David A. Wolf",1990,13,Retired,"2056-08-23 00:00:00",Male,"Electrical Engineering",Medicine,Non-Military,Non-military,3,4044,7,41,"STS-58 (Columbia). STS-86,89 (Atlantis,Endeavor), STS-112 (Atlantis), STS-127 (Endeavor)",NULL,NULL,Indianapolis,IN,USA,"Purdue University","Indiana University"
"Neil W. Woodward III ",1998,17,Retired,"2062-07-26 00:00:00",Male,Physics,"Physics; Business Management",Commander,"US Navy",0,0,0,0,"No missions",NULL,NULL,Chicago,IL,USA,MIT,"University of Texas-Austin; George Washington University"
"Alfred M. Worden",1966,5,Retired,"2032-02-07 00:00:00",Male,"Military Science","Aeronautical & Astronautical Engineering",Colonel,"US Air Force (Retired)",1,295,1,0.5,"Apollo 15",NULL,NULL,Jackson,MI,USA,"US Military Academy","University of Michigan"
"John W. Young",1962,2,Retired,"2030-09-24 00:00:00",Male,"Aeronautical Engineering",NULL,Captain,"US Navy (Retired)",6,835,3,20,"Gemini 3, Gemini 10, Apollo 10, Apollo 16, STS-1 (Columbia), STS-9 (Columbia)",NULL,NULL,"San Francisco",CA,USA,"Georgia Institute of Technology",
"George D. Zamka",1998,17,Retired,"2062-06-29 00:00:00",Male,Mathematics,"Engineering Management",Colonel,"US Marine Corps (Retired)",2,692,0,0,"STS-120 (Discovery), STS-130 (Endeavor)",NULL,NULL,"Jersey City",NJ,USA,"US Naval Academy","Florida Institute of Technology"
